city,district,keyword,地段位置或門牌,社區簡稱,總價(萬元),交易日期,單價 (萬元/坪),總面積 (坪),主建物 佔比(%),型態,屋齡,樓別/樓高,主要用途,交易標的,建物格局,車位總價 (萬元),管理組織,電梯,交易/歷次轉移,功能,備註,主建物坪數,陽台坪數,土地移轉面積,車位類別,車位價格,車位面積,所在樓層
台南市,南區,世界好美麗,南區水交社路２０巷２１號六樓,世界好美麗,988,115/04/06,21.88,45.15,64.05,,7,六層/七層,住家用,土2 建1車1,3房2廳2衛,,有,有,歷次 明細 加入比較 同社區案例,Line 建坪單價計算,,21.81,1.25,2.94坪；4.34坪,坡道平面,,11.10坪,地下三樓
台南市,南區,世界好美麗,南區水交社路３８號五樓,世界好美麗,"1,330",115/01/18,26.24,50.69,59.87,,7,五層/七層,住家用,土2 建1車1,3房2廳2衛,,有,有,歷次 明細 加入比較 同社區案例,Line 建坪單價計算,,23.93,3.22,3.45坪；5.08坪,坡道平面,,10.72坪,地下二樓
台南市,南區,世界好美麗,南區水交社路２０巷２５號五樓,世界好美麗,"1,550",114/12/11,29.44,63.91,57.91,,7,五層/七層,住家用,土2 建1車2,3房2廳2衛,300,有,有,歷次 明細 加入比較 同社區案例,Line 建坪單價計算,,24.59,3.16,3.66坪；5.39坪,坡道平面；坡道平面,"1,500,000元；1,500,000元",10.72坪；10.72坪,地下一樓；地下一樓
台南市,南區,世界好美麗,南區水交社路４０號六樓,世界好美麗,"1,350",114/10/28,27.28,49.49,60.52,,7,六層/七層,住家用,土2 建1車1,3房1廳2衛,,有,有,歷次 明細 加入比較 同社區案例,Line 建坪單價計算,,23.46,2.53,3.30坪；4.86坪,坡道平面,,10.72坪,地下一樓
台南市,南區,世界好美麗,南區水交社路２８號七樓,世界好美麗,"1,378",114/10/14,31.57,49.28,60.30,,7,七層/七層,住家用,土2 建1車1,3房2廳2衛,150,有,有,歷次 明細 加入比較 同社區案例,Line 建坪單價計算,其他增建;,23.46,2.53,3.30坪；4.86坪,坡道平面,"1,500,000元",10.39坪,地下二樓
台南市,南區,世界好美麗,南區水交社路２０巷４５號,世界好美麗,630,114/10/10,22.89,27.52,67.67,,7,一層/七層,住家用,土2 建1車1,1房1廳1衛,,有,有,歷次 明細 加入比較 同社區案例,Line 建坪單價計算,,11.37,,1.58坪；2.33坪,坡道平面,,10.72坪,地下三樓
台南市,南區,世界好美麗,南區水交社路２６號二樓,世界好美麗,"1,228.4",114/04/02,24.66,49.82,60.01,,6,二層/七層,住家用,土2 建1車1,3房2廳2衛,,有,有,歷次 明細 加入比較 同社區案例,Line 建坪單價計算,,,,,,,,
台南市,南區,世界好美麗,南區水交社路４６號,世界好美麗,"1,980",113/12/11,39.05,50.70,68.91,,6,一層/七層,商業用,土2 建1車1,1廳1衛,,有,有,歷次 明細 加入比較 同社區案例,Line 建坪單價計算,,27.78,,3.45坪；5.08坪,坡道平面,,10.39坪,地下二樓
台南市,南區,世界好美麗,南區水交社路２０巷３號七樓,世界好美麗,800,113/06/01,19.83,40.34,55.42,,6,七層/七層,住家用,土2 建1車1,2房2廳1衛,,有,有,歷次 明細 加入比較 同社區案例,Line 建坪單價計算,親友、員工、共有人或其他特殊關係間之交易;,16.42,3.22,2.51坪；3.70坪,坡道平面,,10.72坪,地下一樓
台南市,南區,世界好美麗,南區水交社路２０巷３９號三樓,世界好美麗,"1,150",113/05/31,35.02,39.28,61.02,,6,三層/七層,住家用,土2 建1車1,2房1廳1衛,150,有,有,歷次 明細 加入比較 同社區案例,Line 建坪單價計算,,17.43,2.35,2.59坪；3.81坪,坡道平面,"1,500,000元",10.72坪,地下一樓
台南市,南區,世界好美麗,南區水交社路２０巷３９號六樓,世界好美麗,"1,108",113/04/28,28.45,38.94,61.03,,5,六層/七層,住家用,土2 建1車1,2房2廳1衛,,有,有,歷次 明細 加入比較 同社區案例,Line 建坪單價計算,,17.43,2.35,2.59坪；3.81坪,坡道平面,,10.39坪,地下一樓
台南市,南區,世界好美麗,南區水交社路２０巷１３號,世界好美麗,"1,020",113/03/31,28.09,36.32,69.11,,5,一層/七層,住家用,土2 建1車1,2房2廳1衛,,有,有,歷次 明細 加入比較 同社區案例,Line 建坪單價計算,,17.43,,2.37坪；3.49坪,坡道平面,,11.10坪,地下三樓
台南市,南區,世界好美麗,南區水交社路２６號二樓,世界好美麗,"1,320",113/03/01,26.5,49.82,60.01,,5,二層/七層,住家用,土2 建1車1,3房2廳2衛,,有,有,歷次 明細 加入比較 同社區案例,Line 建坪單價計算,,23.46,2.98,3.38坪；4.97坪,坡道平面,,10.72坪,地下三樓
台南市,南區,世界好美麗,南區水交社路２０巷２５號七樓,世界好美麗,"1,500",113/02/29,28.2,53.19,57.91,,5,七層/七層,住家用,土2 建1車1,3房2廳2衛,,有,有,歷次 明細 加入比較 同社區案例,Line 建坪單價計算,,24.59,3.16,3.52坪；5.18坪,坡道平面,,10.72坪,地下一樓
台南市,南區,世界好美麗,南區水交社路２０巷３７號六樓,世界好美麗,"1,315",112/05/11,26.16,50.26,61.55,,4,六層/七層,住家用,土2 建1車1,3房2廳2衛,,有,有,歷次 明細 加入比較 同社區案例,Line 建坪單價計算,,24.11,3.01,3.45坪；5.08坪,坡道平面,,11.10坪,地下二樓
台南市,南區,世界好美麗,南區水交社路２０巷４７號三樓,世界好美麗,"1,580",112/05/10,26.11,60.52,60.62,,4,三層/七層,住家用,土2 建1車1,4房2廳2衛,,有,有,歷次 明細 加入比較 同社區案例,Line 建坪單價計算,,30.19,3.65,4.31坪；6.34坪,坡道平面,,10.72坪,地下二樓
台南市,南區,世界好美麗,南區水交社路３６號六樓,世界好美麗,"1,315",112/01/30,22.5,58.46,62.19,,4,六層/七層,住家用,土2 建1車2,3房2廳2衛無隔間,,有,有,歷次 明細 加入比較 同社區案例,Line 建坪單價計算,,23.01,1.7,3.30坪；4.86坪,坡道平面；坡道平面,,10.72坪；10.72坪,地下二樓；地下二樓
台南市,南區,世界好美麗,南區水交社路２２號,世界好美麗,"1,800",112/01/16,40.9,51.80,67.63,,4,一層/七層,商業用,土2 建1車1,1廳1衛,120,有,有,歷次 明細 加入比較 同社區案例,Line 建坪單價計算,含租約;,27.78,,3.59坪；5.29坪,坡道平面,"1,200,000元",10.72坪,地下一樓
台南市,南區,世界好美麗,南區水交社路２６號六樓,世界好美麗,"1,345",111/12/20,27.07,49.68,60.22,,4,六層/七層,住家用,土2 建1車1,3房2廳2衛,,有,有,歷次 明細 加入比較 同社區案例,Line 建坪單價計算,,23.46,2.53,3.30坪；4.86坪,坡道平面,,10.72坪,地下二樓
台南市,南區,世界好美麗,南區水交社路２０巷３９號二樓,世界好美麗,"1,050",111/10/25,26.73,39.28,61.02,,4,二層/七層,住家用,土2 建1車1,2房2廳1衛,,有,有,歷次 明細 加入比較 同社區案例,Line 建坪單價計算,,,,,,,,
台南市,南區,世界好美麗,南區水交社路２０巷５號六樓,世界好美麗,"1,390",111/09/03,26.43,52.60,58.72,,4,六層/七層,住家用,土2 建1車1,3房2廳2衛,,有,有,歷次 明細 加入比較 同社區案例,Line 建坪單價計算,,24.59,3.16,3.59坪；5.29坪,坡道平面,,10.72坪,地下二樓
台南市,南區,世界好美麗,南區水交社路３０號五樓,世界好美麗,780,111/08/18,15.34,50.83,59.65,,4,五層/七層,住家用,土2 建1車1,3房2廳1衛,,有,有,歷次 明細 加入比較 同社區案例,Line 建坪單價計算,親友、員工、共有人或其他特殊關係間之交易;,23.93,3.22,3.45坪；5.08坪,坡道平面,,10.72坪,地下二樓
台南市,南區,世界好美麗,南區水交社路２０巷４７號六樓,世界好美麗,"1,830",111/06/11,30.05,60.90,60.62,,4,六層/七層,住家用,土2 建1車1,4房2廳2衛,,有,有,歷次 明細 加入比較 同社區案例,Line 建坪單價計算,,30.19,3.65,4.31坪；6.34坪,坡道平面,,11.10坪,地下二樓
台南市,南區,世界好美麗,南區水交社路３８號三樓,世界好美麗,"1,250",111/06/04,24.66,50.69,59.87,,,三層/--,,土2 建1車1,3房2廳2衛,,有,有,歷次 明細 加入比較 同社區案例,Line 建坪單價計算,,23.93,3.22,3.45坪；5.08坪,坡道平面,,10.72坪,地下一樓
台南市,南區,世界好美麗,南區水交社路２０巷１５號六樓,世界好美麗,"1,330",111/05/22,26.66,49.89,61.56,,4,六層/七層,住家用,土2 建1車1,3房2廳2衛,,有,有,歷次 明細 加入比較 同社區案例,Line 建坪單價計算,,24.11,3.01,3.45坪；5.08坪,坡道平面,,10.72坪,地下三樓
台南市,南區,世界好美麗,南區水交社路２０巷１１號六樓,世界好美麗,"1,235",111/03/19,27.35,45.15,64.03,,3,六層/七層,住家用,土2 建1車1,3房2廳2衛,,有,有,歷次 明細 加入比較 同社區案例,Line 建坪單價計算,,21.81,1.25,2.94坪；4.34坪,坡道平面,,11.10坪,地下二樓
台南市,南區,世界好美麗,南區水交社路２０巷１１號七樓,世界好美麗,"1,100",111/03/05,24.56,44.79,64.05,,3,七層/七層,住家用,土2 建1車1,3房2廳2衛,,有,有,歷次 明細 加入比較 同社區案例,Line 建坪單價計算,,21.82,1.25,2.94坪；4.34坪,坡道平面,,10.72坪,地下一樓
台南市,南區,世界好美麗,南區水交社路２０巷２７號二樓,世界好美麗,"1,330",111/01/28,24.98,53.23,57.85,,3,二層/七層,住家用,土2 建1車1,3房2廳2衛,,有,有,歷次 明細 加入比較 同社區案例,Line 建坪單價計算,,24.59,3.16,3.52坪；5.18坪,坡道平面,,10.72坪,地下一樓
台南市,南區,世界好美麗,南區水交社路２０巷３３號,世界好美麗,800,110/12/10,26.82,36.08,69.10,,3,一層/七層,住家用,土2 建1車1,2房2廳1衛,120,有,有,歷次 明細 加入比較 同社區案例,Line 建坪單價計算,,17.52,,2.37坪；3.49坪,坡道平面,"1,200,000元",10.72坪,地下三樓
台南市,南區,世界好美麗,南區水交社路２０巷３９號二樓,世界好美麗,800,110/10/27,20.37,39.28,61.02,,3,二層/七層,住家用,土2 建1車1,2房1廳1衛,,有,有,歷次 明細 加入比較 同社區案例,Line 建坪單價計算,,17.43,2.35,2.59坪；3.81坪,坡道平面,,10.72坪,地下一樓
台南市,南區,世界好美麗,南區水交社路４２號二樓,世界好美麗,"1,056",110/09/26,21.27,49.65,60.27,,3,二層/七層,住家用,土2 建1車1,3房2廳2衛,,有,有,歷次 明細 加入比較 同社區案例,Line 建坪單價計算,含傢俱設備費;,23.46,2.98,3.38坪；4.97坪,坡道平面,,10.72坪,地下三樓
台南市,南區,世界好美麗,南區水交社路２６號五樓,世界好美麗,758,110/09/11,15.26,49.68,60.22,,3,五層/七層,住家用,土2 建1車1,3房2廳2衛,,有,有,歷次 明細 加入比較 同社區案例,Line 建坪單價計算,親友、員工、共有人或其他特殊關係間之交易;,23.46,2.53,3.30坪；4.86坪,坡道平面,,10.72坪,地下三樓
台南市,南區,世界好美麗,南區水交社路２６號七樓,世界好美麗,"1,070",110/06/24,21.54,49.68,60.22,,3,七層/七層,住家用,土2 建1車1,3房2廳2衛,,有,有,歷次 明細 加入比較 同社區案例,Line 建坪單價計算,,,,,,,,
台南市,南區,世界好美麗,水交社路４８號二樓,世界好美麗,"1,220",110/04/01,20.88,58.42,60.12,,2,二層/七層,住家用,土2 建1車2,3房2廳2衛,,有,有,歷次 明細 加入比較 同社區案例,Line 建坪單價計算,,22.43,2.49,3.30坪；4.86坪,坡道平面；坡道平面,,10.39坪；10.72坪,
台南市,南區,世界好美麗,水交社路２０巷４７號,世界好美麗,506,110/01/04,18.38,27.52,67.68,,2,一層/七層,住家用,土2 建1車1,1房1廳1衛,,有,有,歷次 明細 加入比較 同社區案例,Line 建坪單價計算,其他增建;,11.37,,1.58坪；2.33坪,坡道平面,,10.72坪,
台南市,南區,世界好美麗,水交社路２０巷１３號五樓,世界好美麗,700,109/12/19,17.97,38.94,61.03,,2,五層/七層,住家用,土2 建1車1,2房1廳1衛,,有,有,歷次 明細 加入比較 同社區案例,Line 建坪單價計算,,17.43,2.35,2.59坪；3.81坪,坡道平面,,10.39坪,
台南市,南區,世界好美麗,水交社路２０巷９號七樓,世界好美麗,740,109/10/30,18.44,40.13,55.82,,2,七層/七層,住家用,土2 建1車1,2房2廳1衛,,有,有,歷次 明細 加入比較 同社區案例,Line 建坪單價計算,,,,,,,,
台南市,南區,世界好美麗,水交社路２０巷９號七樓,世界好美麗,680,109/08/15,16.94,40.13,55.82,,2,七層/七層,住家用,土2 建1車1,2房1廳1衛,,有,有,歷次 明細 加入比較 同社區案例,Line 建坪單價計算,,16.42,3.22,2.51坪；3.70坪,坡道平面,,10.72坪,地下三樓
台南市,南區,世界好美麗,水交社路２０巷２３號三樓,世界好美麗,650,109/07/11,15.95,40.76,54.65,,2,三層/七層,住家用,土2 建1車1,2房2廳1衛,,有,有,歷次 明細 加入比較 同社區案例,Line 建坪單價計算,,16.42,3.22,2.51坪；3.70坪,坡道平面,,10.72坪,地下三樓
台南市,南區,世界好美麗,水交社路２８號五樓,世界好美麗,938,109/06/07,15.54,60.34,60.30,,,五層/七層,住家用,土2 建1車2,3房2廳2衛,,有,有,歷次 明細 加入比較 同社區案例,Line 建坪單價計算,,23.46,2.53,3.45坪；5.08坪,坡道平面；坡道平面,,10.72坪；10.72坪,地下一樓；地下二樓
台南市,南區,世界好美麗,南區水交社路２０巷９號七樓,世界好美麗,606,109/05/22,15.1,40.13,55.82,,2,七層/七層,住家用,土2 建1車1,2房1廳1衛,,有,,歷次 明細 加入比較 同社區案例,Line 建坪單價計算,,16.42,3.22,2.51坪；3.70坪,坡道平面,,10.72坪,
台南市,南區,世界好美麗,南區水交社路２０巷３號六樓,世界好美麗,638,108/09/30,15.81,40.34,55.43,,1,六層/七層,住家用,土2 建1車1,2房1廳1衛,,有,,歷次 明細 加入比較 同社區案例,Line 建坪單價計算,,16.42,3.22,2.51坪；3.70坪,坡道平面,,10.72坪,
台南市,南區,世界好美麗,南區水交社路２０巷１３號６樓,世界好美麗,588,108/07/29,16.04,39.28,61.02,,1,六層/七層,住家用,土2 建1車1,2房2廳1衛,130,有,,歷次 明細 加入比較 同社區案例,Line 建坪單價計算,,17.43,2.35,2.59坪；3.81坪,坡道平面,"1,300,000元",10.72坪,
台南市,南區,世界好美麗,南區水交社路２６號七樓,世界好美麗,720,108/07/04,15.4,49.68,60.22,,1,七層/七層,住家用,土2 建1車1,3房1廳2衛,120,有,,歷次 明細 加入比較 同社區案例,Line 建坪單價計算,建物第一次登記後移轉,23.46,2.53,3.30坪；4.86坪,坡道平面,"1,200,000元",10.72坪,
台南市,南區,世界好美麗,南區水交社路２０巷３７號,世界好美麗,780,108/07/03,17.13,45.54,69.23,,1,一層/七層,住家用,土2 建1車1,3房1廳2衛,,有,,歷次 明細 加入比較 同社區案例,Line 建坪單價計算,,24.11,,4.65坪；3.16坪,坡道平面,,10.72坪,
台南市,南區,世界好美麗,南區水交社路２２號,世界好美麗,927,108/06/18,19.16,51.80,67.63,,1,一層/七層,商業用,土2 建1車1,,140,有,,歷次 明細 加入比較 同社區案例,Line 建坪單價計算,建物第一次登記後移轉,27.78,,3.59坪；5.29坪,坡道平面,"1,400,000元",10.72坪,
台南市,南區,世界好美麗,南區水交社路４２號七樓,世界好美麗,732,108/06/17,15.78,49.51,60.49,,1,七層/七層,住家用,土2 建1車1,3房1廳2衛,120,有,,歷次 明細 加入比較 同社區案例,Line 建坪單價計算,建物第一次登記後移轉,23.46,2.53,3.30坪；4.86坪,坡道平面,"1,200,000元",10.72坪,
台南市,南區,世界好美麗,南區水交社路４２號二樓,世界好美麗,712,108/06/15,15.21,49.65,60.28,,1,二層/七層,住家用,土2 建1車1,3房1廳2衛,120,有,,歷次 明細 加入比較 同社區案例,Line 建坪單價計算,建物第一次登記後移轉,23.46,2.98,3.38坪；4.97坪,坡道平面,"1,200,000元",10.72坪,
台南市,南區,世界好美麗,南區水交社路２０巷４３號,世界好美麗,565,108/06/15,14.07,40.93,67.96,,1,一層/七層,住家用,土2 建1車1,2房1廳1衛,140,有,,歷次 明細 加入比較 同社區案例,Line 建坪單價計算,建物第一次登記後移轉,20.53,,2.73坪；4.02坪,坡道平面,"1,400,000元",10.72坪,
台南市,南區,世界好美麗,南區水交社路２０巷５號四樓,世界好美麗,738,108/06/11,14.52,52.60,58.73,,1,四層/七層,住家用,土2 建1車1,3房1廳2衛,130,有,,歷次 明細 加入比較 同社區案例,Line 建坪單價計算,建物第一次登記後移轉,24.59,3.16,3.59坪；5.29坪,坡道平面,"1,300,000元",10.72坪,
台南市,南區,世界好美麗,南區水交社路２０巷２７號三樓,世界好美麗,760,108/06/03,14.83,53.19,57.90,,1,三層/七層,住家用,土2 建1車1,3房1廳2衛,130,有,,歷次 明細 加入比較 同社區案例,Line 建坪單價計算,建物第一次登記後移轉,24.59,3.16,3.52坪；5.18坪,坡道平面,"1,300,000元",10.72坪,
台南市,南區,世界好美麗,南區水交社路２０巷２７號七樓,世界好美麗,754,108/06/03,14.69,53.19,57.90,,1,七層/七層,住家用,土2 建1車1,3房1廳2衛,130,有,,歷次 明細 加入比較 同社區案例,Line 建坪單價計算,建物第一次登記後移轉,24.59,3.16,3.52坪；5.18坪,坡道平面,"1,300,000元",10.72坪,
台南市,南區,世界好美麗,南區水交社路２６號五樓,世界好美麗,728,108/05/27,15.61,49.68,60.22,,1,五層/七層,住家用,土2 建1車1,3房1廳2衛,120,有,,歷次 明細 加入比較 同社區案例,Line 建坪單價計算,建物第一次登記後移轉,23.46,2.53,3.30坪；4.86坪,坡道平面,"1,200,000元",10.72坪,
台南市,南區,世界好美麗,南區水交社路４２號三樓,世界好美麗,710,108/05/27,15.34,49.17,60.49,,1,三層/七層,住家用,土2 建1車1,3房1廳2衛,115,有,,歷次 明細 加入比較 同社區案例,Line 建坪單價計算,建物第一次登記後移轉,23.46,2.53,3.30坪；4.86坪,坡道平面,"1,150,000元",10.39坪,
台南市,南區,世界好美麗,南區水交社路２０巷３號,世界好美麗,620,108/05/20,18.76,36.31,66.24,,1,一層/七層,商業用,土2 建1車1,1衛無隔間,140,有,,歷次 明細 加入比較 同社區案例,Line 建坪單價計算,建物第一次登記後移轉,16.95,,2.30坪；3.38坪,坡道平面,"1,400,000元",10.72坪,
台南市,南區,世界好美麗,南區水交社路４２號六樓,世界好美麗,714,108/05/20,15.19,49.17,60.49,,1,六層/七層,住家用,土2 建1車1,3房1廳2衛,125,有,,歷次 明細 加入比較 同社區案例,Line 建坪單價計算,建物第一次登記後移轉,23.46,2.53,3.30坪；4.86坪,坡道平面,"1,250,000元",10.39坪,
台南市,南區,世界好美麗,南區水交社路２０巷２５號七樓,世界好美麗,780,108/05/20,15.07,53.19,57.91,,1,七層/七層,住家用,土2 建1車1,3房1廳2衛,140,有,,歷次 明細 加入比較 同社區案例,Line 建坪單價計算,建物第一次登記後移轉,24.59,3.16,3.52坪；5.18坪,坡道平面,"1,400,000元",10.72坪,
台南市,南區,世界好美麗,南區水交社路２０巷９號七樓,世界好美麗,560,108/05/20,14.96,40.13,55.82,,1,七層/七層,住家用,土2 建1車1,2房1廳1衛,120,有,,歷次 明細 加入比較 同社區案例,Line 建坪單價計算,建物第一次登記後移轉,16.42,3.22,2.51坪；3.70坪,坡道平面,"1,200,000元",10.72坪,
台南市,南區,世界好美麗,南區水交社路２０巷２７號二樓,世界好美麗,746,108/05/20,14.26,53.23,57.85,,1,二層/七層,住家用,土2 建1車1,3房1廳2衛,140,有,,歷次 明細 加入比較 同社區案例,Line 建坪單價計算,建物第一次登記後移轉,24.59,3.16,3.52坪；5.18坪,坡道平面,"1,400,000元",10.72坪,
台南市,南區,世界好美麗,南區水交社路２０巷５號五樓,世界好美麗,740,108/05/20,14.81,52.60,58.73,,1,五層/七層,住家用,土2 建1車1,3房1廳2衛,120,有,,歷次 明細 加入比較 同社區案例,Line 建坪單價計算,建物第一次登記後移轉,24.59,3.16,3.59坪；5.29坪,坡道平面,"1,200,000元",10.72坪,
台南市,南區,世界好美麗,南區水交社路２６號三樓,世界好美麗,720,108/05/18,15.4,49.68,60.22,,1,三層/七層,住家用,土2 建1車1,3房1廳2衛,120,有,,歷次 明細 加入比較 同社區案例,Line 建坪單價計算,建物第一次登記後移轉,23.46,2.53,3.30坪；4.86坪,坡道平面,"1,200,000元",10.72坪,
台南市,南區,世界好美麗,南區水交社路２０巷２９號七樓,世界好美麗,582,108/05/18,14.71,40.77,54.64,,1,七層/七層,住家用,土2 建1車1,2房1廳1衛,140,有,,歷次 明細 加入比較 同社區案例,Line 建坪單價計算,建物第一次登記後移轉,16.42,3.22,2.51坪；3.70坪,坡道平面,"1,400,000元",10.72坪,
台南市,南區,世界好美麗,南區水交社路２０巷４１號七樓,世界好美麗,632,108/05/18,14.44,45.17,64.05,,1,七層/七層,住家用,土2 建1車1,3房1廳2衛,140,有,,歷次 明細 加入比較 同社區案例,Line 建坪單價計算,建物第一次登記後移轉,21.82,1.25,2.94坪；4.34坪,坡道平面,"1,400,000元",11.10坪,
台南市,南區,世界好美麗,南區水交社路３８號七樓,世界好美麗,750,108/05/15,15.26,50.69,59.87,,1,七層/七層,住家用,土2 建1車1,3房1廳2衛,140,有,,歷次 明細 加入比較 同社區案例,Line 建坪單價計算,建物第一次登記後移轉,23.93,3.22,3.45坪；5.08坪,坡道平面,"1,400,000元",10.72坪,
台南市,南區,世界好美麗,南區水交社路４２號五樓,世界好美麗,726,108/05/13,15.11,49.51,60.49,,,五層/七層,住家用,土2 建1車1,3房1廳2衛,140,有,,歷次 明細 加入比較 同社區案例,Line 建坪單價計算,建物第一次登記後移轉,23.46,2.53,3.30坪；4.86坪,坡道平面,"1,400,000元",10.72坪,
台南市,南區,世界好美麗,南區水交社路３８號三樓,世界好美麗,750,108/05/13,15.26,50.69,59.87,,,三層/七層,住家用,土2 建1車1,3房1廳2衛,140,有,,歷次 明細 加入比較 同社區案例,Line 建坪單價計算,建物第一次登記後移轉,23.93,3.22,3.45坪；5.08坪,坡道平面,"1,400,000元",10.72坪,
台南市,南區,世界好美麗,南區水交社路２８號五樓,世界好美麗,826,108/05/13,14.29,60.34,60.30,,,五層/七層,住家用,土2 建1車2,3房1廳2衛,270,有,,歷次 明細 加入比較 同社區案例,Line 建坪單價計算,建物第一次登記後移轉,23.46,2.53,3.45坪；5.08坪,坡道平面；坡道平面,"1,400,000元；1,300,000元",10.72坪；10.72坪,
台南市,南區,世界好美麗,南區水交社路２６號二樓,世界好美麗,770,108/05/13,16.63,49.82,60.01,,,二層/七層,住家用,土2 建1車1,3房1廳2衛,120,有,,歷次 明細 加入比較 同社區案例,Line 建坪單價計算,建物第一次登記後移轉,23.46,2.98,3.38坪；4.97坪,坡道平面,"1,200,000元",10.72坪,
台南市,南區,世界好美麗,南區水交社路３２號二樓,世界好美麗,660,108/05/10,13.85,49.70,59.84,,,二層/七層,住家用,土2 建1車1,3房1廳2衛,120,有,,歷次 明細 加入比較 同社區案例,Line 建坪單價計算,建物第一次登記後移轉,23.33,2.65,3.30坪；4.86坪,坡道平面,"1,200,000元",10.72坪,
台南市,南區,世界好美麗,南區水交社路２０巷３３號二樓,世界好美麗,512,108/05/10,13.69,39.36,61.20,,,二層/七層,住家用,土2 建1車1,2房1廳1衛,120,有,,歷次 明細 加入比較 同社區案例,Line 建坪單價計算,建物第一次登記後移轉,17.52,2.29,2.59坪；3.81坪,坡道平面,"1,200,000元",10.72坪,
台南市,南區,世界好美麗,南區水交社路２２號四樓,世界好美麗,736,108/05/08,15.21,50.55,59.58,,,四層/七層,住家用,土2 建1車1,3房1廳2衛,125,有,,歷次 明細 加入比較 同社區案例,Line 建坪單價計算,建物第一次登記後移轉,23.93,3.22,3.45坪；5.08坪,坡道平面,"1,250,000元",10.39坪,
台南市,南區,世界好美麗,南區水交社路４０號三樓,世界好美麗,715,108/05/07,15.35,49.49,60.52,,,三層/七層,住家用,土2 建1車1,3房1廳2衛,120,有,,歷次 明細 加入比較 同社區案例,Line 建坪單價計算,建物第一次登記後移轉,23.46,2.53,3.30坪；4.86坪,坡道平面,"1,200,000元",10.72坪,
台南市,南區,世界好美麗,南區水交社路２０巷３９號六樓,世界好美麗,531,108/05/06,13.87,38.94,61.03,,,六層/七層,住家用,土2 建1車1,2房1廳1衛,135,有,,歷次 明細 加入比較 同社區案例,Line 建坪單價計算,建物第一次登記後移轉,17.43,2.35,2.59坪；3.81坪,坡道平面,"1,350,000元",10.39坪,
台南市,南區,世界好美麗,南區水交社路２０巷２３號二樓,世界好美麗,570,108/05/06,14.98,40.77,54.64,,,二層/七層,住家用,土2 建1車1,2房1廳1衛,120,有,,歷次 明細 加入比較 同社區案例,Line 建坪單價計算,建物第一次登記後移轉,16.42,3.22,2.59坪；3.81坪,坡道平面,"1,200,000元",10.72坪,
台南市,南區,世界好美麗,南區水交社路２０巷４９號,世界好美麗,550,108/05/05,14.23,40.93,67.96,,,一層/七層,住家用,土2 建1車1,2房1廳1衛,120,有,,歷次 明細 加入比較 同社區案例,Line 建坪單價計算,建物第一次登記後移轉,20.53,,2.73坪；4.02坪,坡道平面,"1,200,000元",10.72坪,
台南市,南區,世界好美麗,南區水交社路２０巷３９號五樓,世界好美麗,528,108/04/30,13.94,39.66,61.02,,,五層/七層,住家用,土2 建1車1,2房1廳1衛,130,有,,歷次 明細 加入比較 同社區案例,Line 建坪單價計算,建物第一次登記後移轉,17.43,2.35,2.59坪；3.81坪,坡道平面,"1,300,000元",11.10坪,
台南市,南區,世界好美麗,南區水交社路２０巷７號六樓,世界好美麗,850,108/04/30,13.7,63.06,59.10,,,六層/七層,住家用,土2 建1車2,3房1廳2衛,280,有,,歷次 明細 加入比較 同社區案例,Line 建坪單價計算,建物第一次登記後移轉,24.59,3.16,3.66坪；5.39坪,坡道平面；坡道平面,"1,400,000元；1,400,000元",10.72坪；10.72坪,
台南市,南區,世界好美麗,南區水交社路２６號六樓,世界好美麗,735,108/04/29,15.53,49.68,60.22,,,六層/七層,住家用,土2 建1車1,3房1廳2衛,130,有,,歷次 明細 加入比較 同社區案例,Line 建坪單價計算,建物第一次登記後移轉,23.46,2.53,3.30坪；4.86坪,坡道平面,"1,300,000元",10.72坪,
台南市,南區,世界好美麗,南區水交社路３０號四樓,世界好美麗,726,108/04/28,14.86,51.21,59.66,,,四層/七層,住家用,土2 建1車1,3房1廳2衛,130,有,,歷次 明細 加入比較 同社區案例,Line 建坪單價計算,建物第一次登記後移轉,23.93,3.22,3.45坪；5.08坪,坡道平面,"1,300,000元",11.10坪,
台南市,南區,世界好美麗,南區水交社路３８號二樓,世界好美麗,725,108/04/25,15.26,50.35,59.87,,,二層/七層,住家用,土2 建1車1,3房1廳2衛,115,有,,歷次 明細 加入比較 同社區案例,Line 建坪單價計算,建物第一次登記後移轉,23.93,3.22,3.45坪；5.08坪,坡道平面,"1,150,000元",10.39坪,
台南市,南區,世界好美麗,南區水交社路４０號七樓,世界好美麗,725,108/04/24,15.22,49.15,60.52,,,七層/七層,住家用,土2 建1車1,3房1廳2衛,135,有,,歷次 明細 加入比較 同社區案例,Line 建坪單價計算,建物第一次登記後移轉,23.46,2.53,3.30坪；4.86坪,坡道平面,"1,350,000元",10.39坪,
台南市,南區,世界好美麗,南區水交社路２０巷２９號四樓,世界好美麗,558,108/04/21,14.58,41.14,54.64,,,四層/七層,住家用,土2 建1車1,2房1廳1衛,120,有,,歷次 明細 加入比較 同社區案例,Line 建坪單價計算,建物第一次登記後移轉,16.42,3.22,2.51坪；3.70坪,坡道平面,"1,200,000元",11.10坪,
台南市,南區,世界好美麗,南區水交社路２０巷５號,世界好美麗,890,108/04/20,19.42,49.34,66.28,,,一層/七層,商業用,土2 建1車1,1衛無隔間,140,有,,歷次 明細 加入比較 同社區案例,Line 建坪單價計算,建物第一次登記後移轉,25.59,,3.38坪；4.97坪,坡道平面,"1,400,000元",10.72坪,
台南市,南區,世界好美麗,南區水交社路２６號四樓,世界好美麗,711,108/04/17,15.17,49.68,60.22,,,四層/七層,住家用,土2 建1車1,3房1廳2衛,120,有,,歷次 明細 加入比較 同社區案例,Line 建坪單價計算,建物第一次登記後移轉,23.46,2.53,3.30坪；4.86坪,坡道平面,"1,200,000元",10.72坪,
台南市,南區,世界好美麗,南區水交社路２０巷２３號七樓,世界好美麗,576,108/04/15,14.85,40.76,54.65,,,七層/七層,住家用,土2 建1車1,2房1廳1衛,130,有,,歷次 明細 加入比較 同社區案例,Line 建坪單價計算,建物第一次登記後移轉,16.42,3.22,2.51坪；3.70坪,坡道平面,"1,300,000元",10.72坪,
台南市,南區,世界好美麗,南區水交社路４８號六樓,世界好美麗,780,108/04/13,17.15,48.03,60.12,,,六層/七層,住家用,土2 建1車1,3房1廳2衛,140,有,,歷次 明細 加入比較 同社區案例,Line 建坪單價計算,建物第一次登記後移轉,22.43,2.49,3.16坪；4.65坪,坡道平面,"1,400,000元",10.72坪,
台南市,南區,世界好美麗,南區水交社路２０巷３號七樓,世界好美麗,625,108/04/13,16.38,40.34,55.43,,,七層/七層,住家用,土2 建1車1,2房1廳1衛,140,有,,歷次 明細 加入比較 同社區案例,Line 建坪單價計算,建物第一次登記後移轉,16.42,3.22,2.51坪；3.70坪,坡道平面,"1,400,000元",10.72坪,
台南市,南區,世界好美麗,南區水交社路２８號二樓,世界好美麗,698,108/04/08,14.81,49.76,60.09,,,二層/七層,住家用,土2 建1車1,3房1廳2衛,120,有,,歷次 明細 加入比較 同社區案例,Line 建坪單價計算,建物第一次登記後移轉,23.46,2.98,3.38坪；4.97坪,坡道平面,"1,200,000元",10.72坪,
台南市,南區,世界好美麗,南區水交社路３２號七樓,世界好美麗,698,108/04/08,14.32,49.70,59.84,,,七層/七層,住家用,土2 建1車1,3房1廳2衛,140,有,,歷次 明細 加入比較 同社區案例,Line 建坪單價計算,建物第一次登記後移轉,23.33,2.65,3.30坪；4.86坪,坡道平面,"1,400,000元",10.72坪,
台南市,南區,世界好美麗,南區水交社路３２號三樓,世界好美麗,666,108/04/01,14.14,49.37,59.84,,,三層/七層,住家用,土2 建1車1,3房1廳2衛,115,有,,歷次 明細 加入比較 同社區案例,Line 建坪單價計算,建物第一次登記後移轉,23.33,2.65,3.30坪；4.86坪,坡道平面,"1,150,000元",10.39坪,
台南市,南區,世界好美麗,南區水交社路２０巷２５號二樓,世界好美麗,750,108/03/31,14.84,53.18,57.92,,,二層/七層,住家用,土2 建1車1,3房1廳2衛,120,有,,歷次 明細 加入比較 同社區案例,Line 建坪單價計算,建物第一次登記後移轉,24.59,3.16,3.59坪；5.29坪,坡道平面,"1,200,000元",10.72坪,
台南市,南區,世界好美麗,南區水交社路２０巷３９號三樓,世界好美麗,476,108/03/29,14.15,39.28,61.02,,,三層/七層,住家用,土2 建1車1,2房1廳1衛,72,有,,歷次 明細 加入比較 同社區案例,Line 建坪單價計算,親友、員工或其他特殊關係間之交易。; 建物第一次登記後移轉,17.43,2.35,2.59坪；3.81坪,坡道平面,"720,000元",10.72坪,
台南市,南區,世界好美麗,南區水交社路４０號五樓,世界好美麗,738,108/03/29,15.43,49.49,60.52,,,五層/七層,住家用,土2 建1車1,3房1廳2衛,140,有,,歷次 明細 加入比較 同社區案例,Line 建坪單價計算,建物第一次登記後移轉,23.46,2.53,3.30坪；4.86坪,坡道平面,"1,400,000元",10.72坪,
台南市,南區,世界好美麗,南區水交社路２０巷４５號,世界好美麗,360,108/03/29,14.29,27.52,67.68,,,一層/七層,住家用,土2 建1車1,1房1廳1衛,120,有,,歷次 明細 加入比較 同社區案例,Line 建坪單價計算,建物第一次登記後移轉,11.37,,1.58坪；2.33坪,坡道平面,"1,200,000元",10.72坪,
台南市,南區,世界好美麗,南區水交社路２２號二樓,世界好美麗,788,108/03/29,16.51,50.55,59.58,,,二層/七層,住家用,土2 建1車1,3房1廳2衛,125,有,,歷次 明細 加入比較 同社區案例,Line 建坪單價計算,建物第一次登記後移轉,23.93,3.22,3.45坪；5.08坪,坡道平面,"1,250,000元",10.39坪,
台南市,南區,世界好美麗,南區水交社路２０巷３９號七樓,世界好美麗,608,108/03/28,16.45,39.14,60.96,,,七層/七層,住家用,土2 建1車1,2房1廳1衛,135,有,,歷次 明細 加入比較 同社區案例,Line 建坪單價計算,建物第一次登記後移轉,17.53,2.39,2.59坪；3.81坪,坡道平面,"1,350,000元",10.39坪,
台南市,南區,世界好美麗,南區水交社路４０號二樓,世界好美麗,777,108/03/27,16.36,49.65,60.27,,,二層/七層,住家用,土2 建1車1,3房1廳2衛,140,有,,歷次 明細 加入比較 同社區案例,Line 建坪單價計算,建物第一次登記後移轉,23.46,2.98,3.38坪；4.97坪,坡道平面,"1,400,000元",10.72坪,
台南市,南區,世界好美麗,南區水交社路２０巷２５號五樓,世界好美麗,868,108/03/24,13.85,63.91,57.91,,,五層/七層,住家用,土2 建1車2,3房1廳2衛,280,有,,歷次 明細 加入比較 同社區案例,Line 建坪單價計算,建物第一次登記後移轉,24.59,3.16,3.66坪；5.39坪,坡道平面；坡道平面,"1,400,000元；1,400,000元",10.72坪；10.72坪,
台南市,南區,世界好美麗,南區水交社路２２號七樓,世界好美麗,755,108/03/24,15.31,50.89,59.58,,,七層/七層,住家用,土2 建1車1,3房1廳2衛,140,有,,歷次 明細 加入比較 同社區案例,Line 建坪單價計算,建物第一次登記後移轉,23.93,3.22,3.45坪；5.08坪,坡道平面,"1,400,000元",10.72坪,
台南市,南區,世界好美麗,南區水交社路２０巷２５號三樓,世界好美麗,846,108/03/24,13.33,63.91,57.91,,,三層/七層,住家用,土2 建1車2,3房1廳2衛,280,有,,歷次 明細 加入比較 同社區案例,Line 建坪單價計算,建物第一次登記後移轉,24.59,3.16,3.66坪；5.39坪,坡道平面；坡道平面,"1,400,000元；1,400,000元",10.72坪；10.72坪,
台南市,南區,世界好美麗,南區水交社路２０巷５號六樓,世界好美麗,766,108/03/22,15.19,52.60,58.73,,,六層/七層,住家用,土2 建1車1,3房1廳2衛,130,有,,歷次 明細 加入比較 同社區案例,Line 建坪單價計算,建物第一次登記後移轉,24.59,3.16,3.59坪；5.29坪,坡道平面,"1,300,000元",10.72坪,
台南市,南區,世界好美麗,南區水交社路２０巷７號,世界好美麗,890,108/03/20,19.55,49.09,66.71,,,一層/七層,商業用,土2 建1車1,,140,有,,歷次 明細 加入比較 同社區案例,Line 建坪單價計算,建物第一次登記後移轉,25.59,,3.38坪；4.97坪,坡道平面,"1,400,000元",10.72坪,
台南市,南區,世界好美麗,南區水交社路２０巷３號四樓,世界好美麗,560,108/03/18,14.52,40.34,55.43,,,四層/七層,住家用,土2 建1車1,2房1廳1衛,130,有,,歷次 明細 加入比較 同社區案例,Line 建坪單價計算,建物第一次登記後移轉,16.42,3.22,2.51坪；3.70坪,坡道平面,"1,300,000元",10.72坪,
台南市,南區,世界好美麗,南區水交社路２０巷２９號三樓,世界好美麗,575,108/03/17,14.48,40.77,54.64,,,三層/七層,住家用,土2 建1車1,2房1廳1衛,140,有,,歷次 明細 加入比較 同社區案例,Line 建坪單價計算,建物第一次登記後移轉,16.42,3.22,2.51坪；3.70坪,坡道平面,"1,400,000元",10.72坪,
台南市,南區,世界好美麗,南區水交社路２０巷２７號六樓,世界好美麗,850,108/03/17,13.42,63.92,57.90,,,六層/七層,住家用,土2 建1車2,3房1廳2衛,280,有,,歷次 明細 加入比較 同社區案例,Line 建坪單價計算,建物第一次登記後移轉,24.59,3.16,3.66坪；5.39坪,坡道平面；坡道平面,"1,400,000元；1,400,000元",10.72坪；10.72坪,
台南市,南區,世界好美麗,南區水交社路２０巷３５號二樓,世界好美麗,666,108/03/17,13.44,49.87,61.58,,,二層/七層,住家用,土2 建1車1,3房1廳2衛,140,有,,歷次 明細 加入比較 同社區案例,Line 建坪單價計算,建物第一次登記後移轉,24.11,3.01,3.45坪；5.08坪,坡道平面,"1,400,000元",10.72坪,
台南市,南區,世界好美麗,南區水交社路２０巷９號六樓,世界好美麗,573,108/03/14,15.06,40.51,55.82,,,六層/七層,住家用,土2 建1車1,2房1廳1衛,130,有,,歷次 明細 加入比較 同社區案例,Line 建坪單價計算,建物第一次登記後移轉,16.42,3.22,2.51坪；3.70坪,坡道平面,"1,300,000元",11.10坪,
台南市,南區,世界好美麗,南區水交社路２０巷７號二樓,世界好美麗,790,108/03/14,15.86,52.71,59.09,,,二層/七層,住家用,土2 建1車1,3房1廳2衛,130,有,,歷次 明細 加入比較 同社區案例,Line 建坪單價計算,建物第一次登記後移轉,24.59,3.16,3.52坪；5.18坪,坡道平面,"1,300,000元",11.10坪,
台南市,南區,世界好美麗,南區水交社路２０巷３號六樓,世界好美麗,580,108/03/14,15.19,40.34,55.43,,,六層/七層,住家用,土2 建1車1,2房1廳1衛,130,有,,歷次 明細 加入比較 同社區案例,Line 建坪單價計算,建物第一次登記後移轉,16.42,3.22,2.51坪；3.70坪,坡道平面,"1,300,000元",10.72坪,
台南市,南區,世界好美麗,南區水交社路２０巷２１號二樓,世界好美麗,680,108/03/10,15.86,44.77,64.05,,,二層/七層,住家用,土2 建1車1,3房1廳2衛,140,有,,歷次 明細 加入比較 同社區案例,Line 建坪單價計算,建物第一次登記後移轉,21.81,1.25,2.94坪；4.34坪,坡道平面,"1,400,000元",10.72坪,
台南市,南區,世界好美麗,南區水交社路２０巷１９號二樓,世界好美麗,596,108/03/10,15.81,39.57,60.76,,,二層/七層,住家用,土2 建1車1,2房1廳1衛,140,有,,歷次 明細 加入比較 同社區案例,Line 建坪單價計算,總價含裝潢 建物第一次登記後移轉,17.52,2.44,2.59坪；3.81坪,坡道平面,"1,400,000元",10.72坪,
台南市,南區,世界好美麗,南區水交社路２０巷５號七樓,世界好美麗,758,108/03/09,15.24,52.60,58.73,,,七層/七層,住家用,土2 建1車1,3房1廳2衛,120,有,,歷次 明細 加入比較 同社區案例,Line 建坪單價計算,建物第一次登記後移轉,24.59,3.16,3.59坪；5.29坪,坡道平面,"1,200,000元",10.72坪,
台南市,南區,世界好美麗,南區水交社路２８號七樓,世界好美麗,728,108/03/06,15.5,49.28,60.30,,,七層/七層,住家用,土2 建1車1,3房1廳2衛,125,有,,歷次 明細 加入比較 同社區案例,Line 建坪單價計算,建物第一次登記後移轉,23.46,2.53,3.30坪；4.86坪,坡道平面,"1,250,000元",10.38坪,
台南市,南區,世界好美麗,南區水交社路２０巷７號四樓,世界好美麗,750,108/03/04,14.66,52.33,59.10,,,四層/七層,住家用,土2 建1車1,3房1廳2衛,140,有,,歷次 明細 加入比較 同社區案例,Line 建坪單價計算,建物第一次登記後移轉,24.59,3.16,3.52坪；5.18坪,坡道平面,"1,400,000元",10.72坪,
台南市,南區,世界好美麗,南區水交社路４０號四樓,世界好美麗,721,108/03/04,14.99,49.49,60.52,,,四層/七層,住家用,土2 建1車1,3房1廳2衛,140,有,,歷次 明細 加入比較 同社區案例,Line 建坪單價計算,建物第一次登記後移轉,23.46,2.53,3.30坪；4.86坪,坡道平面,"1,400,000元",10.72坪,
台南市,南區,世界好美麗,南區水交社路２０巷９號三樓,世界好美麗,610,108/03/03,16.32,40.13,55.82,,,三層/七層,住家用,土2 建1車1,2房1廳1衛,130,有,,歷次 明細 加入比較 同社區案例,Line 建坪單價計算,總價含裝潢 建物第一次登記後移轉,16.42,3.22,2.51坪；3.70坪,坡道平面,"1,300,000元",10.72坪,
台南市,南區,世界好美麗,南區水交社路３０號二樓,世界好美麗,736,108/02/24,15.36,50.83,59.66,,,二層/七層,住家用,土2 建1車1,3房1廳2衛,120,有,,歷次 明細 加入比較 同社區案例,Line 建坪單價計算,建物第一次登記後移轉,23.93,3.22,3.45坪；5.08坪,坡道平面,"1,200,000元",10.72坪,
台南市,南區,世界好美麗,南區水交社路２０巷２９號二樓,世界好美麗,600,108/02/20,15.97,40.78,54.63,,,二層/七層,住家用,土2 建1車1,2房1廳1衛,120,有,,歷次 明細 加入比較 同社區案例,Line 建坪單價計算,建物第一次登記後移轉,16.42,3.22,2.51坪；3.70坪,坡道平面,"1,200,000元",10.72坪,
台南市,南區,世界好美麗,南區水交社路２０巷９號四樓,世界好美麗,550,108/02/18,14.62,40.13,55.82,,,四層/七層,住家用,土2 建1車1,2房1廳1衛,120,有,,歷次 明細 加入比較 同社區案例,Line 建坪單價計算,建物第一次登記後移轉,16.42,3.22,2.51坪；3.70坪,坡道平面,"1,200,000元",10.72坪,
台南市,南區,世界好美麗,南區水交社路２０巷１５號六樓,世界好美麗,680,108/02/17,14.3,49.89,61.56,,,六層/七層,住家用,土2 建1車1,3房1廳2衛,120,有,,歷次 明細 加入比較 同社區案例,Line 建坪單價計算,建物第一次登記後移轉,24.11,3.01,3.45坪；5.08坪,坡道平面,"1,200,000元",10.72坪,
台南市,南區,世界好美麗,南區水交社路２０巷３號三樓,世界好美麗,565,108/02/16,15.02,40.34,55.43,,,三層/七層,住家用,土2 建1車1,2房1廳1衛,120,有,,歷次 明細 加入比較 同社區案例,Line 建坪單價計算,建物第一次登記後移轉,16.42,3.22,2.51坪；3.70坪,坡道平面,"1,200,000元",10.72坪,
台南市,南區,世界好美麗,南區水交社路３０號,世界好美麗,850,108/02/12,21.32,43.92,67.71,,,一層/七層,商業用,土2 建1車1,,135,有,,歷次 明細 加入比較 同社區案例,Line 建坪單價計算,建物第一次登記後移轉,22.7,,3.02坪；4.44坪,坡道平面,"1,350,000元",10.39坪,
台南市,南區,世界好美麗,南區水交社路２０巷３１號七樓,世界好美麗,620,108/02/09,14.09,44.78,64.07,,,七層/七層,住家用,土2 建1車1,3房1廳2衛,140,有,,歷次 明細 加入比較 同社區案例,Line 建坪單價計算,建物第一次登記後移轉,21.82,1.25,2.94坪；4.34坪,坡道平面,"1,400,000元",10.72坪,
台南市,南區,世界好美麗,南區水交社路３０號七樓,世界好美麗,760,108/01/21,15.71,50.83,59.66,,,七層/七層,住家用,土2 建1車1,3房1廳2衛,130,有,,歷次 明細 加入比較 同社區案例,Line 建坪單價計算,建物第一次登記後移轉,23.93,3.22,3.45坪；5.08坪,坡道平面,"1,300,000元",10.72坪,
台南市,南區,世界好美麗,南區水交社路２０巷２３號五樓,世界好美麗,580,108/01/11,14.98,40.76,54.65,,,五層/七層,住家用,土2 建1車1,2房1廳1衛,130,有,,歷次 明細 加入比較 同社區案例,Line 建坪單價計算,建物第一次登記後移轉,16.42,3.22,2.51坪；3.70坪,坡道平面,"1,300,000元",10.72坪,
台南市,南區,世界好美麗,南區水交社路２０巷９號五樓,世界好美麗,580,108/01/10,15.3,40.13,55.82,,,五層/七層,住家用,土2 建1車1,2房1廳1衛,130,有,,歷次 明細 加入比較 同社區案例,Line 建坪單價計算,建物第一次登記後移轉,16.42,3.22,2.51坪；3.70坪,坡道平面,"1,300,000元",10.72坪,
台南市,南區,世界好美麗,南區水交社路２８號四樓,世界好美麗,722,107/11/26,15.22,49.62,60.30,,,四層/七層,住家用,土2 建1車1,3房1廳2衛,130,有,,歷次 明細 加入比較 同社區案例,Line 建坪單價計算,建物第一次登記後移轉,23.46,2.53,3.30坪；4.86坪,坡道平面,"1,300,000元",10.72坪,
台南市,南區,世界好美麗,南區水交社路２０巷９號二樓,世界好美麗,573,107/11/19,15.4,40.13,55.82,,,二層/七層,住家用,土2 建1車1,2房1廳1衛,120,有,,歷次 明細 加入比較 同社區案例,Line 建坪單價計算,總價含裝潢 建物第一次登記後移轉,16.42,3.22,2.51坪；3.70坪,坡道平面,"1,200,000元",10.72坪,
台南市,南區,世界好美麗,南區水交社路２０巷１３號五樓,世界好美麗,532,107/11/19,13.9,38.94,61.02,,,五層/七層,住家用,土2 建1車1,2房1廳1衛,135,有,,歷次 明細 加入比較 同社區案例,Line 建坪單價計算,建物第一次登記後移轉,17.43,2.35,2.59坪；3.81坪,坡道平面,"1,350,000元",10.38坪,
台南市,南區,世界好美麗,南區水交社路２０巷１７號二樓,世界好美麗,735,107/11/19,15.44,49.92,61.51,,,二層/七層,住家用,土2 建1車1,3房1廳2衛,130,有,,歷次 明細 加入比較 同社區案例,Line 建坪單價計算,總價含裝潢 建物第一次登記後移轉,24.11,3.01,3.45坪；5.08坪,坡道平面,"1,300,000元",10.72坪,
台南市,南區,世界好美麗,南區水交社路４６號,世界好美麗,"1,062",107/11/06,23.24,50.70,68.91,,,一層/七層,商業用,土2 建1車1,1衛無隔間,125,有,,歷次 明細 加入比較 同社區案例,Line 建坪單價計算,此交易日期為預售屋之簽約日期 權利人2人 建物第一次登記後移轉,27.78,,3.45坪；5.08坪,坡道平面,"1,250,000元",10.39坪,
台南市,南區,世界好美麗,南區水交社路２０巷１３號二樓,世界好美麗,565,107/11/05,14.88,39.66,61.02,,,二層/七層,住家用,土2 建1車1,2房1廳1衛,140,有,,歷次 明細 加入比較 同社區案例,Line 建坪單價計算,此交易日期為預售屋之簽約日期 總價含裝潢 建物第一次登記後移轉,17.43,2.35,2.59坪；3.81坪,坡道平面,"1,400,000元",11.10坪,
台南市,南區,世界好美麗,南區水交社路２０巷５號二樓,世界好美麗,735,107/11/05,14.43,52.64,58.66,,,二層/七層,住家用,土2 建1車1,3房1廳2衛,130,有,,歷次 明細 加入比較 同社區案例,Line 建坪單價計算,此交易日期為預售屋之簽約日期 建物第一次登記後移轉,24.59,3.16,3.59坪；5.29坪,坡道平面,"1,300,000元",10.72坪,
台南市,南區,世界好美麗,南區水交社路３８號四樓,世界好美麗,738,107/11/05,15.34,50.35,59.87,,,四層/七層,住家用,土2 建1車1,3房1廳2衛,125,有,,歷次 明細 加入比較 同社區案例,Line 建坪單價計算,此交易日期為預售屋之簽約日期 建物第一次登記後移轉,23.93,3.22,3.45坪；5.08坪,坡道平面,"1,250,000元",10.38坪,
台南市,南區,世界好美麗,南區水交社路２０巷１７號六樓,世界好美麗,688,107/10/29,14,49.88,61.57,,,六層/七層,住家用,土2 建1車1,3房1廳2衛,140,有,,歷次 明細 加入比較 同社區案例,Line 建坪單價計算,此交易日期為預售屋之簽約日期 建物第一次登記後移轉,24.11,3.01,3.45坪；5.08坪,坡道平面,"1,400,000元",10.72坪,
台南市,南區,世界好美麗,南區水交社路２０巷３號二樓,世界好美麗,545,107/10/29,14.01,40.72,55.42,,,二層/七層,住家用,土2 建1車1,2房1廳1衛,130,有,,歷次 明細 加入比較 同社區案例,Line 建坪單價計算,此交易日期為預售屋之簽約日期親友、員工或其他特殊關係間之交易。; 建物第一次登記後移轉,16.42,3.22,2.51坪；3.70坪,坡道平面,"1,300,000元",11.10坪,
台南市,南區,世界好美麗,南區水交社路２０巷１９號五樓,世界好美麗,538,107/10/22,14.15,39.57,60.76,,,五層/七層,住家用,土2 建1車1,2房1廳1衛,130,有,,歷次 明細 加入比較 同社區案例,Line 建坪單價計算,此交易日期為預售屋之簽約日期 建物第一次登記後移轉,17.52,2.44,2.59坪；3.81坪,坡道平面,"1,300,000元",10.72坪,
台南市,南區,世界好美麗,南區水交社路２０巷３９號,世界好美麗,505,107/10/22,14.9,35.89,69.23,,,一層/七層,住家用,土2 建1車1,2房1廳1衛,130,有,,歷次 明細 加入比較 同社區案例,Line 建坪單價計算,此交易日期為預售屋之簽約日期 建物第一次登記後移轉,17.43,,2.37坪；3.49坪,坡道平面,"1,300,000元",10.72坪,
台南市,南區,世界好美麗,南區水交社路２０巷３號五樓,世界好美麗,600,107/10/22,15.53,40.34,55.43,,,五層/七層,住家用,土2 建1車1,2房1廳1衛,140,有,,歷次 明細 加入比較 同社區案例,Line 建坪單價計算,此交易日期為預售屋之簽約日期 建物第一次登記後移轉,16.42,3.22,2.51坪；3.70坪,坡道平面,"1,400,000元",10.72坪,
台南市,南區,世界好美麗,南區水交社路２０巷３９號二樓,世界好美麗,525,107/10/22,13.48,39.28,61.02,,,二層/七層,住家用,土2 建1車1,2房1廳1衛,140,有,,歷次 明細 加入比較 同社區案例,Line 建坪單價計算,此交易日期為預售屋之簽約日期 建物第一次登記後移轉,17.43,2.35,2.59坪；3.81坪,坡道平面,"1,400,000元",10.72坪,
台南市,南區,世界好美麗,南區水交社路２０巷１１號七樓,世界好美麗,632,107/10/15,14.44,44.79,64.05,,,七層/七層,住家用,土2 建1車1,3房1廳2衛,140,有,,歷次 明細 加入比較 同社區案例,Line 建坪單價計算,此交易日期為預售屋之簽約日期 建物第一次登記後移轉,21.82,1.25,2.94坪；4.34坪,坡道平面,"1,400,000元",10.72坪,
台南市,南區,世界好美麗,南區水交社路２０巷３１號二樓,世界好美麗,612,107/10/15,14.02,45.11,63.43,,,二層/七層,住家用,土2 建1車1,3房1廳2衛,130,有,,歷次 明細 加入比較 同社區案例,Line 建坪單價計算,此交易日期為預售屋之簽約日期 建物第一次登記後移轉,21.81,2.0,3.09坪；4.55坪,坡道平面,"1,300,000元",10.72坪,
台南市,南區,世界好美麗,南區水交社路３８號五樓,世界好美麗,758,107/10/15,15.71,50.69,59.87,,,五層/七層,住家用,土2 建1車1,3房1廳2衛,130,有,,歷次 明細 加入比較 同社區案例,Line 建坪單價計算,此交易日期為預售屋之簽約日期 建物第一次登記後移轉,23.93,3.22,3.45坪；5.08坪,坡道平面,"1,300,000元",10.72坪,
台南市,南區,世界好美麗,南區水交社路２０巷１３號三樓,世界好美麗,516,107/10/15,13.87,39.28,61.02,,,三層/七層,住家用,土2 建1車1,2房1廳1衛,120,有,,歷次 明細 加入比較 同社區案例,Line 建坪單價計算,此交易日期為預售屋之簽約日期 建物第一次登記後移轉,17.43,2.35,2.59坪；3.81坪,坡道平面,"1,200,000元",10.72坪,
台南市,南區,世界好美麗,南區水交社路２０巷３３號六樓,世界好美麗,545,107/10/08,14.04,39.57,60.76,,,六層/七層,住家用,土2 建1車1,2房1廳1衛,140,有,,歷次 明細 加入比較 同社區案例,Line 建坪單價計算,此交易日期為預售屋之簽約日期 建物第一次登記後移轉,17.52,2.44,2.59坪；3.81坪,坡道平面,"1,400,000元",10.72坪,
台南市,南區,世界好美麗,南區水交社路２０巷１１號二樓,世界好美麗,613,107/10/08,13.89,44.78,64.03,,,二層/七層,住家用,土2 建1車1,3房1廳2衛,140,有,,歷次 明細 加入比較 同社區案例,Line 建坪單價計算,此交易日期為預售屋之簽約日期 建物第一次登記後移轉,21.81,1.25,2.94坪；4.34坪,坡道平面,"1,400,000元",10.72坪,
台南市,南區,世界好美麗,南區水交社路２０巷３３號四樓,世界好美麗,515,107/10/04,13.69,39.94,60.76,,,四層/七層,住家用,土2 建1車1,2房1廳1衛,120,有,,歷次 明細 加入比較 同社區案例,Line 建坪單價計算,此交易日期為預售屋之簽約日期 建物第一次登記後移轉,17.52,2.44,2.59坪；3.81坪,坡道平面,"1,200,000元",11.10坪,
台南市,南區,世界好美麗,南區水交社路２０巷１７號,世界好美麗,678,107/09/27,16.04,45.52,69.23,,,一層/七層,住家用,土2 建1車1,3房1廳2衛,120,有,,歷次 明細 加入比較 同社區案例,Line 建坪單價計算,此交易日期為預售屋之簽約日期 總價含裝潢 建物第一次登記後移轉,24.09,,3.16坪；4.65坪,坡道平面,"1,200,000元",10.72坪,
台南市,南區,世界好美麗,南區水交社路２０巷３３號七樓,世界好美麗,600,107/09/27,16.55,39.73,60.79,,,七層/七層,住家用,土2 建1車1,2房1廳1衛,120,有,,歷次 明細 加入比較 同社區案例,Line 建坪單價計算,此交易日期為預售屋之簽約日期 建物第一次登記後移轉,17.64,2.44,2.59坪；3.81坪,坡道平面,"1,200,000元",10.72坪,
台南市,南區,世界好美麗,南區水交社路３０號六樓,世界好美麗,847,107/09/25,14.38,61.93,59.65,,,六層/七層,住家用,土2 建1車2,3房1廳2衛,270,有,,歷次 明細 加入比較 同社區案例,Line 建坪單價計算,此交易日期為預售屋之簽約日期 建物第一次登記後移轉,23.93,3.22,3.59坪；5.29坪,坡道平面；坡道平面,"1,350,000元；1,350,000元",10.72坪；11.10坪,
台南市,南區,世界好美麗,南區水交社路２０巷１１號三樓,世界好美麗,610,107/09/25,14.09,44.78,64.03,,,三層/七層,住家用,土2 建1車1,3房1廳2衛,130,有,,歷次 明細 加入比較 同社區案例,Line 建坪單價計算,此交易日期為預售屋之簽約日期 權利人2人 建物第一次登記後移轉,21.81,1.25,2.94坪；4.34坪,坡道平面,"1,300,000元",10.72坪,
台南市,南區,世界好美麗,南區水交社路２０巷１３號七樓,世界好美麗,600,107/09/25,16.52,39.14,60.96,,,七層/七層,住家用,土2 建1車1,2房1廳1衛,125,有,,歷次 明細 加入比較 同社區案例,Line 建坪單價計算,此交易日期為預售屋之簽約日期 建物第一次登記後移轉,17.53,2.39,2.59坪；3.81坪,坡道平面,"1,250,000元",10.38坪,
台南市,南區,世界好美麗,南區水交社路２０巷１１號五樓,世界好美麗,620,107/09/17,14.39,44.78,64.03,,,五層/七層,住家用,土2 建1車1,3房1廳2衛,130,有,,歷次 明細 加入比較 同社區案例,Line 建坪單價計算,此交易日期為預售屋之簽約日期 建物第一次登記後移轉,21.81,1.25,2.94坪；4.34坪,坡道平面,"1,300,000元",10.72坪,
台南市,南區,世界好美麗,南區水交社路２０巷２３號三樓,世界好美麗,563,107/09/17,14.75,40.76,54.65,,,三層/七層,住家用,土2 建1車1,2房1廳1衛,120,有,,歷次 明細 加入比較 同社區案例,Line 建坪單價計算,此交易日期為預售屋之簽約日期 建物第一次登記後移轉,16.42,3.22,2.51坪；3.70坪,坡道平面,"1,200,000元",10.72坪,
台南市,南區,世界好美麗,南區水交社路２８號,世界好美麗,830,107/09/11,20.43,44.50,67.72,,,一層/七層,商業用,土2 建1車1,1衛無隔間,140,有,,歷次 明細 加入比較 同社區案例,Line 建坪單價計算,此交易日期為預售屋之簽約日期 建物第一次登記後移轉,22.88,,3.02坪；4.44坪,坡道平面,"1,400,000元",10.72坪,
台南市,南區,世界好美麗,南區水交社路２０巷３７號二樓,世界好美麗,670,107/09/11,13.79,49.89,61.56,,,二層/七層,住家用,土2 建1車1,3房1廳2衛,130,有,,歷次 明細 加入比較 同社區案例,Line 建坪單價計算,此交易日期為預售屋之簽約日期 建物第一次登記後移轉,24.11,3.01,3.45坪；5.08坪,坡道平面,"1,300,000元",10.72坪,
台南市,南區,世界好美麗,南區水交社路２６號,世界好美麗,840,107/09/11,20.25,45.29,67.58,,,一層/七層,商業用,土2 建1車1,1衛無隔間,140,有,,歷次 明細 加入比較 同社區案例,Line 建坪單價計算,此交易日期為預售屋之簽約日期 建物第一次登記後移轉,23.36,,3.09坪；4.55坪,坡道平面,"1,400,000元",10.72坪,
台南市,南區,世界好美麗,南區水交社路２０巷４１號六樓,世界好美麗,620,107/09/10,14.09,44.78,64.03,,,六層/七層,住家用,土2 建1車1,3房1廳2衛,140,有,,歷次 明細 加入比較 同社區案例,Line 建坪單價計算,此交易日期為預售屋之簽約日期 建物第一次登記後移轉,21.81,1.25,2.94坪；4.34坪,坡道平面,"1,400,000元",10.72坪,
台南市,南區,世界好美麗,南區水交社路２０巷７號三樓,世界好美麗,766,107/09/10,15.29,52.33,59.10,,,三層/七層,住家用,土2 建1車1,3房1廳2衛,130,有,,歷次 明細 加入比較 同社區案例,Line 建坪單價計算,此交易日期為預售屋之簽約日期 建物第一次登記後移轉,24.59,3.16,3.52坪；5.18坪,坡道平面,"1,300,000元",10.72坪,
台南市,南區,世界好美麗,南區水交社路２０巷１３號六樓,世界好美麗,537,107/09/10,14.25,39.28,61.02,,,六層/七層,住家用,土2 建1車1,2房1廳1衛,130,有,,歷次 明細 加入比較 同社區案例,Line 建坪單價計算,此交易日期為預售屋之簽約日期 建物第一次登記後移轉,17.43,2.35,2.59坪；3.81坪,坡道平面,"1,300,000元",10.72坪,
台南市,南區,世界好美麗,南區水交社路２０巷２７號五樓,世界好美麗,760,107/09/10,14.83,53.19,57.90,,,五層/七層,住家用,土2 建1車1,3房1廳2衛,130,有,,歷次 明細 加入比較 同社區案例,Line 建坪單價計算,此交易日期為預售屋之簽約日期 建物第一次登記後移轉,24.59,3.16,3.52坪；5.18坪,坡道平面,"1,300,000元",10.72坪,
台南市,南區,世界好美麗,南區水交社路２０巷１１號六樓,世界好美麗,615,107/08/23,14.24,45.15,64.03,,,六層/七層,住家用,土2 建1車1,3房1廳2衛,130,有,,歷次 明細 加入比較 同社區案例,Line 建坪單價計算,此交易日期為預售屋之簽約日期 建物第一次登記後移轉,21.81,1.25,2.94坪；4.34坪,坡道平面,"1,300,000元",11.10坪,
台南市,南區,世界好美麗,南區水交社路２０巷４７號,世界好美麗,350,107/08/23,13.69,27.52,67.68,,,一層/七層,住家用,土2 建1車1,1房1廳1衛,120,有,,歷次 明細 加入比較 同社區案例,Line 建坪單價計算,此交易日期為預售屋之簽約日期 建物第一次登記後移轉,11.37,,1.58坪；2.33坪,坡道平面,"1,200,000元",10.72坪,
台南市,南區,世界好美麗,南區水交社路２０巷１３號四樓,世界好美麗,520,107/08/23,13.66,39.28,61.02,,,四層/七層,住家用,土2 建1車1,2房1廳1衛,130,有,,歷次 明細 加入比較 同社區案例,Line 建坪單價計算,此交易日期為預售屋之簽約之日期 建物第一次登記後移轉,17.43,2.35,2.59坪；3.81坪,坡道平面,"1,300,000元",10.72坪,
台南市,南區,世界好美麗,南區水交社路２０巷１９號三樓,世界好美麗,530,107/08/15,14.04,39.23,60.76,,,三層/七層,住家用,土2 建1車1,2房1廳1衛,125,有,,歷次 明細 加入比較 同社區案例,Line 建坪單價計算,此交易日期為預售屋之簽約日期 建物第一次登記後移轉,17.52,2.44,2.59坪；3.81坪,坡道平面,"1,250,000元",10.39坪,
台南市,南區,世界好美麗,南區水交社路３０號五樓,世界好美麗,762,107/08/15,15.76,50.83,59.66,,,五層/七層,住家用,土2 建1車1,3房1廳2衛,130,有,,歷次 明細 加入比較 同社區案例,Line 建坪單價計算,此交易日期為預售屋之簽約日期 建物第一次登記後移轉,23.93,3.22,3.45坪；5.08坪,坡道平面,"1,300,000元",10.72坪,
台南市,南區,世界好美麗,南區水交社路２０巷３１號六樓,世界好美麗,610,107/08/08,14.39,44.77,64.06,,,六層/七層,住家用,土2 建1車1,3房1廳2衛,120,有,,歷次 明細 加入比較 同社區案例,Line 建坪單價計算,此交易日期為預售屋之簽約日期 建物第一次登記後移轉,21.81,1.25,2.94坪；4.34坪,坡道平面,"1,200,000元",10.72坪,
台南市,南區,世界好美麗,南區水交社路２０巷１５號二樓,世界好美麗,675,107/08/02,14.17,49.89,61.55,,,二層/七層,住家用,土2 建1車1,3房1廳2衛,120,有,,歷次 明細 加入比較 同社區案例,Line 建坪單價計算,此交易日期為預售屋之簽約日期 建物第一次登記後移轉,24.11,3.01,3.45坪；5.08坪,坡道平面,"1,200,000元",10.72坪,
台南市,南區,世界好美麗,南區水交社路２０巷１１號四樓,世界好美麗,600,107/08/02,14.09,45.15,64.03,,,四層/七層,住家用,土2 建1車1,3房1廳2衛,120,有,,歷次 明細 加入比較 同社區案例,Line 建坪單價計算,此交易日期為預售屋之簽約日期 權利人2人 建物第一次登記後移轉,21.81,1.25,2.94坪；4.34坪,坡道平面,"1,200,000元",11.10坪,
台南市,南區,世界好美麗,南區水交社路２０巷４１號五樓,世界好美麗,606,107/08/02,14.27,44.78,64.03,,,五層/七層,住家用,土2 建1車1,3房1廳2衛,120,有,,歷次 明細 加入比較 同社區案例,Line 建坪單價計算,此交易日期為預售屋之簽約日期 建物第一次登記後移轉,21.81,1.25,2.94坪；4.34坪,坡道平面,"1,200,000元",10.72坪,
台南市,南區,世界好美麗,南區水交社路２０巷９號,世界好美麗,620,107/07/31,19.33,36.07,66.85,,,一層/七層,商業用,土2 建1車1,1衛無隔間,130,有,,歷次 明細 加入比較 同社區案例,Line 建坪單價計算,此交易日期為預售屋之簽約日期 建物第一次登記後移轉,16.95,,2.30坪；3.38坪,坡道平面,"1,300,000元",10.72坪,
台南市,南區,世界好美麗,南區水交社路２０巷１５號三樓,世界好美麗,675,107/07/27,14.3,49.55,61.55,,,三層/七層,住家用,土2 建1車1,3房1廳2衛,115,有,,歷次 明細 加入比較 同社區案例,Line 建坪單價計算,此交易日期為預售屋之簽約日期 建物第一次登記後移轉,24.11,3.01,3.45坪；5.08坪,坡道平面,"1,150,000元",10.38坪,
台南市,南區,世界好美麗,南區水交社路２０巷３５號六樓,世界好美麗,690,107/07/27,14.18,49.53,61.57,,,六層/七層,住家用,土2 建1車1,3房1廳2衛,135,有,,歷次 明細 加入比較 同社區案例,Line 建坪單價計算,此交易日期為預售屋之簽約日期 建物第一次登記後移轉,24.11,3.01,3.45坪；5.08坪,坡道平面,"1,350,000元",10.38坪,
台南市,南區,世界好美麗,南區水交社路３６號,世界好美麗,635,107/07/27,15.21,44.57,67.99,,,一層/七層,住家用,土2 建1車1,3房1廳2衛,120,有,,歷次 明細 加入比較 同社區案例,Line 建坪單價計算,此交易日期為預售屋之簽約日期 建物第一次登記後移轉,23.01,,3.02坪；4.44坪,坡道平面,"1,200,000元",10.72坪,
台南市,南區,世界好美麗,南區水交社路２０巷１９號六樓,世界好美麗,598,107/07/23,16.23,39.57,60.76,,,六層/七層,住家用,土2 建1車1,2房1廳1衛,130,有,,歷次 明細 加入比較 同社區案例,Line 建坪單價計算,此交易日期為預售屋之簽約日期 權利人2人 建物第一次登記後移轉,17.52,2.44,2.59坪；3.81坪,坡道平面,"1,300,000元",10.72坪,
台南市,南區,世界好美麗,南區水交社路２８號六樓,世界好美麗,750,107/07/20,15.94,49.62,60.30,,,六層/七層,住家用,土2 建1車1,3房1廳2衛,130,有,,歷次 明細 加入比較 同社區案例,Line 建坪單價計算,此交易日期為預售屋之簽約日期 建物第一次登記後移轉,23.46,2.53,3.30坪；4.86坪,坡道平面,"1,300,000元",10.72坪,
台南市,南區,世界好美麗,南區水交社路２０巷４１號三樓,世界好美麗,615,107/07/20,14.24,44.78,64.03,,,三層/七層,住家用,土2 建1車1,3房1廳2衛,130,有,,歷次 明細 加入比較 同社區案例,Line 建坪單價計算,此交易日期為預售屋之簽約日期 建物第一次登記後移轉,21.81,1.25,2.94坪；4.34坪,坡道平面,"1,300,000元",10.72坪,
台南市,南區,世界好美麗,南區水交社路２０巷１３號,世界好美麗,502,107/07/20,15.15,36.32,69.11,,,一層/七層,住家用,土2 建1車1,2房1廳1衛,120,有,,歷次 明細 加入比較 同社區案例,Line 建坪單價計算,此交易日期為預售屋之簽約之日期 建物第一次登記後移轉,17.43,,2.37坪；3.49坪,坡道平面,"1,200,000元",11.10坪,
台南市,南區,世界好美麗,南區水交社路２０巷１７號四樓,世界好美麗,665,107/07/20,13.66,49.88,61.57,,,四層/七層,住家用,土2 建1車1,3房1廳2衛,130,有,,歷次 明細 加入比較 同社區案例,Line 建坪單價計算,此交易日期為預售屋之簽約日期 建物第一次登記後移轉,24.11,3.01,3.45坪；5.08坪,坡道平面,"1,300,000元",10.72坪,
台南市,南區,世界好美麗,南區水交社路２０巷１５號四樓,世界好美麗,670,107/07/12,13.53,49.89,61.55,,,四層/七層,住家用,土2 建1車1,3房1廳2衛,140,有,,歷次 明細 加入比較 同社區案例,Line 建坪單價計算,此交易日期為預售屋之簽約日期 建物第一次登記後移轉,24.11,3.01,3.45坪；5.08坪,坡道平面,"1,400,000元",10.72坪,
台南市,南區,世界好美麗,南區水交社路２０巷１７號五樓,世界好美麗,680,107/07/12,14.3,49.88,61.57,,,五層/七層,住家用,土2 建1車1,3房1廳2衛,120,有,,歷次 明細 加入比較 同社區案例,Line 建坪單價計算,此交易日期為預售屋之簽約日期 建物第一次登記後移轉,24.11,3.01,3.45坪；5.08坪,坡道平面,"1,200,000元",10.72坪,
台南市,南區,世界好美麗,南區水交社路２０巷７號七樓,世界好美麗,765,107/07/12,15.26,52.33,59.10,,,七層/七層,住家用,土2 建1車1,3房1廳2衛,130,有,,歷次 明細 加入比較 同社區案例,Line 建坪單價計算,此交易日期為預售屋之簽約日期 建物第一次登記後移轉,24.59,3.16,3.52坪；5.18坪,坡道平面,"1,300,000元",10.72坪,
台南市,南區,世界好美麗,南區水交社路２０巷２３號四樓,世界好美麗,570,107/07/12,14.98,40.76,54.65,,,四層/七層,住家用,土2 建1車1,2房1廳1衛,120,有,,歷次 明細 加入比較 同社區案例,Line 建坪單價計算,此交易日期為預售屋之簽約日期 建物第一次登記後移轉,16.42,3.22,2.51坪；3.70坪,坡道平面,"1,200,000元",10.72坪,
台南市,南區,世界好美麗,南區水交社路４８號五樓,世界好美麗,760,107/07/09,16.62,48.03,60.11,,,五層/七層,住家用,土2 建1車1,3房1廳2衛,140,有,,歷次 明細 加入比較 同社區案例,Line 建坪單價計算,此交易日期為預售屋之簽約日期 建物第一次登記後移轉,22.43,2.49,3.16坪；4.65坪,坡道平面,"1,400,000元",10.72坪,
台南市,南區,世界好美麗,南區水交社路２０巷３７號三樓,世界好美麗,680,107/07/05,14.04,49.89,61.56,,,三層/七層,住家用,土2 建1車1,3房1廳2衛,130,有,,歷次 明細 加入比較 同社區案例,Line 建坪單價計算,此交易日期為預售屋之簽約日期 權利人2人 建物第一次登記後移轉,24.11,3.01,3.45坪；5.08坪,坡道平面,"1,300,000元",10.72坪,
台南市,南區,世界好美麗,南區水交社路２０巷７號五樓,世界好美麗,755,107/07/05,15.26,52.33,59.10,,,五層/七層,住家用,土2 建1車1,3房1廳2衛,120,有,,歷次 明細 加入比較 同社區案例,Line 建坪單價計算,此交易日期為預售屋之簽約日期 建物第一次登記後移轉,24.59,3.16,3.52坪；5.18坪,坡道平面,"1,200,000元",10.72坪,
台南市,南區,世界好美麗,南區水交社路２０巷３５號五樓,世界好美麗,680,107/07/05,14.05,49.87,61.58,,,五層/七層,住家用,土2 建1車1,3房1廳2衛,130,有,,歷次 明細 加入比較 同社區案例,Line 建坪單價計算,此交易日期為預售屋之簽約日期 建物第一次登記後移轉,24.11,3.01,3.45坪；5.08坪,坡道平面,"1,300,000元",10.72坪,
台南市,南區,世界好美麗,南區水交社路２０巷４１號二樓,世界好美麗,675,107/07/05,16,44.78,64.03,,,二層/七層,住家用,土2 建1車1,3房1廳2衛,130,有,,歷次 明細 加入比較 同社區案例,Line 建坪單價計算,此交易日期為預售屋之簽約日期 總價含裝潢 建物第一次登記後移轉,21.81,1.25,2.94坪；4.34坪,坡道平面,"1,300,000元",10.72坪,
台南市,南區,世界好美麗,南區水交社路２０巷２１號三樓,世界好美麗,615,107/07/04,14.24,45.15,64.05,,,三層/七層,住家用,土2 建1車1,3房1廳2衛,130,有,,歷次 明細 加入比較 同社區案例,Line 建坪單價計算,此交易日期為預售屋之簽約日期 建物第一次登記後移轉,21.81,1.25,2.94坪；4.34坪,坡道平面,"1,300,000元",11.10坪,
台南市,南區,世界好美麗,南區水交社路２２號六樓,世界好美麗,755,107/06/28,15.81,50.89,59.58,,,六層/七層,住家用,土2 建1車1,3房1廳2衛,120,有,,歷次 明細 加入比較 同社區案例,Line 建坪單價計算,此交易日期為預售屋之簽約日期 建物第一次登記後移轉,23.93,3.22,3.45坪；5.08坪,坡道平面,"1,200,000元",10.72坪,
台南市,南區,世界好美麗,南區水交社路２０巷２５號四樓,世界好美麗,760,107/06/25,14.84,53.19,57.91,,,四層/七層,住家用,土2 建1車1,3房1廳2衛,130,有,,歷次 明細 加入比較 同社區案例,Line 建坪單價計算,此交易日期為預售屋之簽約之日期 建物第一次登記後移轉,24.59,3.16,3.52坪；5.18坪,坡道平面,"1,300,000元",10.72坪,
台南市,南區,世界好美麗,南區水交社路２０巷１７號三樓,世界好美麗,670,107/06/21,14.05,49.88,61.57,,,三層/七層,住家用,土2 建1車1,3房1廳2衛,120,有,,歷次 明細 加入比較 同社區案例,Line 建坪單價計算,此交易日期為預售屋之簽約日期 建物第一次登記後移轉,24.11,3.01,3.45坪；5.08坪,坡道平面,"1,200,000元",10.72坪,
台南市,南區,世界好美麗,南區水交社路２０巷３５號三樓,世界好美麗,670,107/06/21,14.05,49.87,61.58,,,三層/七層,住家用,土2 建1車1,3房1廳1衛,120,有,,歷次 明細 加入比較 同社區案例,Line 建坪單價計算,此交易日期為預售屋之簽約日期 建物第一次登記後移轉,24.11,3.01,3.45坪；5.08坪,坡道平面,"1,200,000元",10.72坪,
台南市,南區,世界好美麗,南區水交社路４０號,世界好美麗,880,107/06/19,21.93,44.92,67.85,,,一層/七層,商業用,土2 建1車1,,130,有,,歷次 明細 加入比較 同社區案例,Line 建坪單價計算,此交易日期為預售屋之簽約日期 建物第一次登記後移轉,23.2,,3.09坪；4.55坪,坡道平面,"1,300,000元",10.72坪,
台南市,南區,世界好美麗,南區水交社路３８號,世界好美麗,880,107/06/19,22.42,44.17,67.88,,,一層/七層,商業用,土2 建1車1,,130,有,,歷次 明細 加入比較 同社區案例,Line 建坪單價計算,此交易日期為預售屋之簽約日期 建物第一次登記後移轉,22.7,,3.02坪；4.44坪,坡道平面,"1,300,000元",10.72坪,
台南市,南區,世界好美麗,南區水交社路２０巷３７號五樓,世界好美麗,700,107/06/13,14.55,49.89,61.55,,,五層/七層,住家用,土2 建1車1,3房1廳2衛,130,有,,歷次 明細 加入比較 同社區案例,Line 建坪單價計算,此交易日期為預售屋之簽約日期 建物第一次登記後移轉,24.11,3.01,3.45坪；5.08坪,坡道平面,"1,300,000元",10.72坪,
台南市,南區,世界好美麗,南區水交社路４２號,世界好美麗,880,107/06/13,21.8,45.13,67.89,,,一層/七層,商業用,土2 建1車1,,130,有,,歷次 明細 加入比較 同社區案例,Line 建坪單價計算,此交易日期為預售屋之簽約日期 建物第一次登記後移轉,23.36,,3.09坪；4.55坪,坡道平面,"1,300,000元",10.72坪,
台南市,南區,世界好美麗,南區水交社路２０巷１９號七樓,世界好美麗,600,107/06/08,16.54,39.74,60.78,,,七層/七層,住家用,土2 建1車1,2房1廳1衛,120,有,,歷次 明細 加入比較 同社區案例,Line 建坪單價計算,此交易日期為預售屋之簽約日期 權利人2人 建物第一次登記後移轉,17.64,2.44,2.59坪；3.81坪,坡道平面,"1,200,000元",10.72坪,
台南市,南區,世界好美麗,南區水交社路４８號三樓,世界好美麗,726,107/06/06,15.71,48.03,60.12,,,三層/七層,住家用,土2 建1車1,3房1廳2衛,140,有,,歷次 明細 加入比較 同社區案例,Line 建坪單價計算,此交易日期為預售屋之簽約日期 建物第一次登記後移轉,22.43,2.49,3.16坪；4.65坪,坡道平面,"1,400,000元",10.72坪,
台南市,南區,世界好美麗,南區水交社路４６號七樓,世界好美麗,760,107/05/31,16,50.71,59.83,,,七層/七層,住家用,土2 建1車1,3房1廳2衛,120,有,,歷次 明細 加入比較 同社區案例,Line 建坪單價計算,此交易日期為預售屋之簽約日期 建物第一次登記後移轉,23.93,3.22,3.45坪；5.08坪,坡道平面,"1,200,000元",10.72坪,
台南市,南區,世界好美麗,南區水交社路３６號二樓,世界好美麗,655,107/05/31,14.19,47.73,62.18,,,二層/七層,住家用,土2 建1車1,3房1廳2衛,130,有,,歷次 明細 加入比較 同社區案例,Line 建坪單價計算,此交易日期為預售屋之簽約日期 建物第一次登記後移轉,23.01,1.7,3.16坪；4.65坪,坡道平面,"1,300,000元",10.72坪,
台南市,南區,世界好美麗,南區水交社路３６號六樓,世界好美麗,839,107/05/31,14.56,69.18,62.17,,,六層/七層,住家用,土2 建1車3,3房1廳2衛,300,有,,歷次 明細 加入比較 同社區案例,Line 建坪單價計算,此交易日期為預售屋之簽約日期 建物第一次登記後移轉,23.01,1.7,3.45坪；5.08坪,坡道平面；坡道平面；坡道平面,"1,000,000元；1,000,000元；1,000,000元",10.72坪；10.72坪；10.72坪,
台南市,南區,世界好美麗,南區水交社路２０巷４７號五樓,世界好美麗,950,107/05/30,13.86,71.24,60.62,,,五層/七層,住家用,土2 建1車2,4房1廳2衛,260,有,,歷次 明細 加入比較 同社區案例,Line 建坪單價計算,此交易日期為預售屋之簽約日期 建物第一次登記後移轉,30.19,3.65,4.45坪；6.56坪,坡道平面；坡道平面,"1,300,000元；1,300,000元",10.72坪；10.72坪,
台南市,南區,世界好美麗,南區水交社路３２號五樓,世界好美麗,715,107/05/23,14.75,49.70,59.84,,,五層/七層,住家用,土2 建1車1,3房1廳2衛,140,有,,歷次 明細 加入比較 同社區案例,Line 建坪單價計算,此交易日期為預售屋之簽約日期 建物第一次登記後移轉,23.33,2.65,3.30坪；4.86坪,坡道平面,"1,400,000元",10.72坪,
台南市,南區,世界好美麗,南區水交社路２０巷３７號四樓,世界好美麗,682,107/05/22,13.84,50.26,61.55,,,四層/七層,住家用,土2 建1車1,3房1廳2衛,140,有,,歷次 明細 加入比較 同社區案例,Line 建坪單價計算,此交易日期為預售屋之簽約日期 建物第一次登記後移轉,24.11,3.01,3.45坪；5.08坪,坡道平面,"1,400,000元",11.10坪,
台南市,南區,世界好美麗,南區水交社路２０巷１５號,世界好美麗,658,107/05/21,15.45,45.54,69.23,,,一層/七層,住家用,土2 建1車1,3房1廳2衛,120,有,,歷次 明細 加入比較 同社區案例,Line 建坪單價計算,此交易日期為預售屋之簽約日期 建物第一次登記後移轉,24.1,,3.16坪；4.65坪,坡道平面,"1,200,000元",10.72坪,
台南市,南區,世界好美麗,南區水交社路２０巷４７號二樓,世界好美麗,838,107/05/10,14.42,60.52,60.62,,,二層/七層,住家用,土2 建1車1,4房1廳2衛,120,有,,歷次 明細 加入比較 同社區案例,Line 建坪單價計算,此交易日期為預售屋之簽約日期 建物第一次登記後移轉,30.19,3.65,4.31坪；6.34坪,坡道平面,"1,200,000元",10.72坪,
台南市,南區,世界好美麗,南區水交社路２０巷４７號六樓,世界好美麗,957,107/05/09,16.61,60.90,60.62,,,六層/七層,住家用,土2 建1車1,4房1廳2衛,130,有,,歷次 明細 加入比較 同社區案例,Line 建坪單價計算,此交易日期為預售屋之簽約日期 總價含裝潢 建物第一次登記後移轉,30.19,3.65,4.31坪；6.34坪,坡道平面,"1,300,000元",11.10坪,
台南市,南區,世界好美麗,南區水交社路４８號二樓,世界好美麗,810,107/05/09,14.34,58.42,60.11,,,二層/七層,住家用,土2 建1車2,3房1廳2衛,275,有,,歷次 明細 加入比較 同社區案例,Line 建坪單價計算,此交易日期為預售屋之簽約日期 建物第一次登記後移轉,22.43,2.49,3.30坪；4.86坪,坡道平面；坡道平面,"1,350,000元；1,400,000元",10.38坪；10.72坪,
台南市,南區,世界好美麗,南區水交社路２０巷４５號二樓,世界好美麗,915,107/05/08,13.15,71.24,60.62,,,二層/七層,住家用,土2 建1車2,4房1廳2衛,260,有,,歷次 明細 加入比較 同社區案例,Line 建坪單價計算,此交易日期為預售屋之簽約日期 建物第一次登記後移轉,30.19,3.65,4.45坪；6.56坪,坡道平面；坡道平面,"1,300,000元；1,300,000元",10.72坪；10.72坪,
台南市,南區,世界好美麗,南區水交社路２０巷１號三樓,世界好美麗,780,107/05/02,16.37,50.43,59.79,,,三層/七層,住家用,土2 建1車1,3房1廳2衛,130,有,,歷次 明細 加入比較 同社區案例,Line 建坪單價計算,此交易日期為預售屋之簽約日期 總價含裝潢 建物第一次登記後移轉,23.74,2.67,3.38坪；4.97坪,坡道平面,"1,300,000元",10.72坪,
台南市,南區,世界好美麗,南區水交社路２０巷２７號四樓,世界好美麗,756,107/04/25,14.97,53.19,57.89,,,四層/七層,住家用,土2 建1車1,3房1廳2衛,120,有,,歷次 明細 加入比較 同社區案例,Line 建坪單價計算,此交易日期為預售屋之簽約日期 建物第一次登記後移轉,24.59,3.16,3.52坪；5.18坪,坡道平面,"1,200,000元",10.72坪,
台南市,南區,世界好美麗,南區水交社路２０巷４７號三樓,世界好美麗,858,107/04/25,14.62,60.52,60.62,,,三層/七層,住家用,土2 建1車1,4房1廳2衛,130,有,,歷次 明細 加入比較 同社區案例,Line 建坪單價計算,此交易日期為預售屋之簽約日期 建物第一次登記後移轉,30.19,3.65,4.31坪；6.34坪,坡道平面,"1,300,000元",10.72坪,
台南市,南區,世界好美麗,南區水交社路２０巷３５號,世界好美麗,650,107/04/25,15.21,45.57,69.18,,,一層/七層,住家用,土2 建1車1,3房1廳2衛,120,有,,歷次 明細 加入比較 同社區案例,Line 建坪單價計算,此交易日期為預售屋之簽約日期 建物第一次登記後移轉,24.11,,3.16坪；4.65坪,坡道平面,"1,200,000元",10.72坪,
台南市,南區,世界好美麗,南區水交社路２０巷３３號三樓,世界好美麗,520,107/04/25,14.04,39.23,60.76,,,三層/七層,住家用,土2 建1車1,2房1廳1衛,115,有,,歷次 明細 加入比較 同社區案例,Line 建坪單價計算,此交易日期為預售屋之簽約日期 建物第一次登記後移轉,17.52,2.44,2.59坪；3.81坪,坡道平面,"1,150,000元",10.39坪,
台南市,南區,世界好美麗,南區水交社路３６號三樓,世界好美麗,725,107/04/17,16.35,47.73,62.19,,,三層/七層,住家用,土2 建1車1,3房1廳2衛,120,有,,歷次 明細 加入比較 同社區案例,Line 建坪單價計算,此交易日期為預售屋之簽約日期 總價含裝潢 建物第一次登記後移轉,23.01,1.7,3.16坪；4.65坪,坡道平面,"1,200,000元",10.72坪,
台南市,南區,世界好美麗,南區水交社路２０巷１號四樓,世界好美麗,700,107/04/16,14.61,50.81,59.79,,,四層/七層,住家用,土2 建1車1,3房1廳2衛,120,有,,歷次 明細 加入比較 同社區案例,Line 建坪單價計算,此交易日期為預售屋之簽約日期 建物第一次登記後移轉,23.74,2.67,3.38坪；4.97坪,坡道平面,"1,200,000元",11.10坪,
台南市,南區,世界好美麗,南區水交社路３２號,世界好美麗,650,107/04/16,15.37,45.20,67.66,,,一層/七層,住家用,土2 建1車1,3房1廳2衛,120,有,,歷次 明細 加入比較 同社區案例,Line 建坪單價計算,此交易日期為預售屋之簽約日期 建物第一次登記後移轉,23.33,,3.09坪；4.55坪,坡道平面,"1,200,000元",10.72坪,
台南市,南區,世界好美麗,南區水交社路２０巷２３號六樓,世界好美麗,580,107/04/16,15.31,41.14,54.65,,,六層/七層,住家用,土2 建1車1,2房1廳1衛,120,有,,歷次 明細 加入比較 同社區案例,Line 建坪單價計算,此交易日期為預售屋之簽約日期 建物第一次登記後移轉,16.42,3.22,2.51坪；3.70坪,坡道平面,"1,200,000元",11.10坪,
台南市,南區,世界好美麗,南區水交社路２０巷３１號三樓,世界好美麗,615,107/04/12,14.54,44.77,64.05,,,三層/七層,住家用,土2 建1車1,3房1廳2衛,120,有,,歷次 明細 加入比較 同社區案例,Line 建坪單價計算,此交易日期為預售屋之簽約日期 建物第一次登記後移轉,21.81,1.25,2.94坪；4.34坪,坡道平面,"1,200,000元",10.72坪,
台南市,南區,世界好美麗,南區水交社路２０巷３５號四樓,世界好美麗,668,107/04/12,14,50.25,61.58,,,四層/七層,住家用,土2 建1車1,3房1廳2衛,120,有,,歷次 明細 加入比較 同社區案例,Line 建坪單價計算,此交易日期為預售屋之簽約日期 建物第一次登記後移轉,24.11,3.01,3.45坪；5.08坪,坡道平面,"1,200,000元",11.10坪,
台南市,南區,世界好美麗,南區水交社路３６號七樓,世界好美麗,700,107/04/12,15.13,47.73,62.19,,,七層/七層,住家用,土2 建1車1,3房1廳2衛,140,有,,歷次 明細 加入比較 同社區案例,Line 建坪單價計算,此交易日期為預售屋之簽約日期 建物第一次登記後移轉,23.01,1.7,3.16坪；4.65坪,坡道平面,"1,400,000元",10.72坪,
台南市,南區,世界好美麗,南區水交社路２０巷２１號四樓,世界好美麗,610,107/04/10,14.39,44.77,64.05,,,四層/七層,住家用,土2 建1車1,3房1廳2衛,120,有,,歷次 明細 加入比較 同社區案例,Line 建坪單價計算,此交易日期為預售屋之簽約日期 權利人2人 建物第一次登記後移轉,21.81,1.25,2.94坪；4.34坪,坡道平面,"1,200,000元",10.72坪,
台南市,南區,世界好美麗,南區水交社路２０巷５號三樓,世界好美麗,752,107/04/10,15.09,52.60,58.73,,,三層/七層,住家用,土2 建1車1,3房1廳2衛,120,有,,歷次 明細 加入比較 同社區案例,Line 建坪單價計算,此交易日期為預售屋之簽約日期 建物第一次登記後移轉,24.59,3.16,3.59坪；5.29坪,坡道平面,"1,200,000元",10.72坪,
台南市,南區,世界好美麗,南區水交社路２０巷２９號五樓,世界好美麗,580,107/04/09,15.31,40.77,54.64,,,五層/七層,住家用,土2 建1車1,2房1廳1衛,120,有,,歷次 明細 加入比較 同社區案例,Line 建坪單價計算,此交易日期為預售屋之簽約日其 建物第一次登記後移轉,16.42,3.22,2.51坪；3.70坪,坡道平面,"1,200,000元",10.72坪,
台南市,南區,世界好美麗,南區水交社路２８號三樓,世界好美麗,732,107/04/02,15.22,49.62,60.30,,,三層/七層,住家用,土2 建1車1,3房1廳2衛,140,有,,歷次 明細 加入比較 同社區案例,Line 建坪單價計算,此交易日期為預售屋之簽約日期 建物第一次登記後移轉,23.46,2.53,3.30坪；4.86坪,坡道平面,"1,400,000元",10.72坪,
台南市,南區,世界好美麗,南區水交社路４６號二樓,世界好美麗,830,107/04/02,14.75,61.43,59.83,,,二層/七層,住家用,土2 建1車2,3房1廳2衛,240,有,,歷次 明細 加入比較 同社區案例,Line 建坪單價計算,此交易日期為預售屋之簽約日期 建物第一次登記後移轉,23.93,3.22,3.59坪；5.29坪,坡道平面；坡道平面,"1,200,000元；1,200,000元",10.72坪；10.72坪,
台南市,南區,世界好美麗,南區水交社路２２號三樓,世界好美麗,773,107/04/02,16.01,51.26,59.57,,,三層/七層,住家用,土2 建1車1,3房1廳2衛,130,有,,歷次 明細 加入比較 同社區案例,Line 建坪單價計算,此交易日期為預售屋之簽約日期 建物第一次登記後移轉,23.93,3.22,3.45坪；5.08坪,坡道平面,"1,300,000元",11.10坪,
台南市,南區,世界好美麗,南區水交社路３０號三樓,世界好美麗,745,107/04/02,15.58,50.83,59.65,,,三層/七層,住家用,土2 建1車1,3房1廳2衛,120,有,,歷次 明細 加入比較 同社區案例,Line 建坪單價計算,此交易日期為預售屋之簽約日期 建物第一次登記後移轉,23.93,3.22,3.45坪；5.08坪,坡道平面,"1,200,000元",10.72坪,
台南市,南區,世界好美麗,南區水交社路２０巷１號二樓,世界好美麗,773,107/04/02,16.19,50.81,59.79,,,二層/七層,住家用,土2 建1車1,3房1廳2衛,130,有,,歷次 明細 加入比較 同社區案例,Line 建坪單價計算,此交易日期為預售屋之簽約日期 建物第一次登記後移轉,23.74,2.67,3.38坪；4.97坪,坡道平面,"1,300,000元",11.10坪,
台南市,南區,世界好美麗,南區水交社路２０巷２１號五樓,世界好美麗,620,107/04/02,14.39,44.77,64.05,,,五層/七層,住家用,土2 建1車1,3房1廳2衛,130,有,,歷次 明細 加入比較 同社區案例,Line 建坪單價計算,此交易日期為預售屋之簽約日期 建物第一次登記後移轉,21.81,1.25,2.94坪；4.34坪,坡道平面,"1,300,000元",10.72坪,
台南市,南區,世界好美麗,南區水交社路２０巷１號六樓,世界好美麗,745,107/04/02,15.49,50.43,59.79,,,六層/七層,住家用,土2 建1車1,3房1廳2衛,130,有,,歷次 明細 加入比較 同社區案例,Line 建坪單價計算,此交易日期為預售屋之簽約日期 建物第一次登記後移轉,23.74,2.67,3.38坪；4.97坪,坡道平面,"1,300,000元",10.72坪,
台南市,南區,世界好美麗,南區水交社路２０巷２９號六樓,世界好美麗,600,107/03/26,15.64,41.14,54.64,,,六層/七層,住家用,土2 建1車1,2房1廳1衛,130,有,,歷次 明細 加入比較 同社區案例,Line 建坪單價計算,此交易日期為預售屋之簽約日期 建物第一次登記後移轉,16.42,3.22,2.51坪；3.70坪,坡道平面,"1,300,000元",11.10坪,
台南市,南區,世界好美麗,南區水交社路３６號四樓,世界好美麗,658,107/03/26,14.27,47.73,62.19,,,四層/七層,住家用,土2 建1車1,3房1廳2衛,130,有,,歷次 明細 加入比較 同社區案例,Line 建坪單價計算,此交易日期為預售屋之簽約日期 建物第一次登記後移轉,23.01,1.7,3.16坪；4.65坪,坡道平面,"1,300,000元",10.72坪,
台南市,南區,世界好美麗,南區水交社路２０巷３１號五樓,世界好美麗,626,107/03/24,14.28,44.77,64.06,,,五層/七層,住家用,土2 建1車1,3房1廳2衛,140,有,,歷次 明細 加入比較 同社區案例,Line 建坪單價計算,建物第一次登記後移轉,21.81,1.25,2.94坪；4.34坪,坡道平面,"1,400,000元",10.72坪,
台南市,南區,世界好美麗,南區水交社路２２號五樓,世界好美麗,769,107/03/19,15.91,50.89,59.58,,,五層/七層,住家用,土2 建1車1,3房1廳2衛,130,有,,歷次 明細 加入比較 同社區案例,Line 建坪單價計算,此交易日期為預售屋之簽約日期 建物第一次登記後移轉,23.93,3.22,3.45坪；5.08坪,坡道平面,"1,300,000元",10.72坪,
台南市,南區,世界好美麗,南區水交社路２０巷４５號三樓,世界好美麗,869,107/03/19,14.84,60.90,60.62,,,三層/七層,住家用,土2 建1車1,4房1廳2衛,130,有,,歷次 明細 加入比較 同社區案例,Line 建坪單價計算,此交易日期為預售屋之簽約日期 建物第一次登記後移轉,30.19,3.65,4.31坪；6.34坪,坡道平面,"1,300,000元",11.10坪,
台南市,南區,世界好美麗,南區水交社路４８號七樓,世界好美麗,743,107/03/16,16.7,48.03,60.12,,,七層/七層,住家用,土2 建1車1,3房1廳2衛,120,有,,歷次 明細 加入比較 同社區案例,Line 建坪單價計算,此交易日期為預售屋之簽約日期 建物第一次登記後移轉,22.43,2.49,3.16坪；4.65坪,坡道平面,"1,200,000元",10.72坪,
台南市,南區,世界好美麗,南區水交社路３６號五樓,世界好美麗,680,107/03/15,14.86,47.73,62.19,,,五層/七層,住家用,土2 建1車1,3房1廳2衛,130,有,,歷次 明細 加入比較 同社區案例,Line 建坪單價計算,此交易日期為預售屋之簽約日期 建物第一次登記後移轉,23.01,1.7,3.16坪；4.65坪,坡道平面,"1,300,000元",10.72坪,
台南市,南區,世界好美麗,南區水交社路２０巷１９號,世界好美麗,508,107/03/15,15.3,36.09,69.10,,,一層/七層,住家用,土2 建1車1,2房1廳1衛,120,有,,歷次 明細 加入比較 同社區案例,Line 建坪單價計算,此交易日期為預售屋之簽約日期 建物第一次登記後移轉,17.52,,2.37坪；3.49坪,坡道平面,"1,200,000元",10.72坪,
台南市,南區,世界好美麗,南區水交社路２０巷４５號五樓,世界好美麗,895,107/03/14,15.36,60.52,60.62,,,五層/七層,住家用,土2 建1車1,4房1廳2衛,130,有,,歷次 明細 加入比較 同社區案例,Line 建坪單價計算,此交易日期為預售屋之簽約日期 建物第一次登記後移轉,30.19,3.65,4.31坪；6.34坪,坡道平面,"1,300,000元",10.72坪,
台南市,南區,世界好美麗,南區水交社路３２號四樓,世界好美麗,675,107/03/13,14.24,49.70,59.84,,,四層/七層,住家用,土2 建1車1,3房1廳2衛,120,有,,歷次 明細 加入比較 同社區案例,Line 建坪單價計算,此交易日期為預售屋之簽約日期 建物第一次登記後移轉,23.33,2.65,3.30坪；4.86坪,坡道平面,"1,200,000元",10.72坪,
台南市,南區,世界好美麗,南區水交社路２０巷３３號,世界好美麗,508,107/03/12,15.3,36.08,69.10,,,一層/七層,住家用,土2 建1車1,2房1廳1衛,120,有,,歷次 明細 加入比較 同社區案例,Line 建坪單價計算,此交易日期為預售屋之簽約日期 建物第一次登記後移轉,17.52,,2.37坪；3.49坪,坡道平面,"1,200,000元",10.72坪,
台南市,南區,世界好美麗,南區水交社路３８號六樓,世界好美麗,755,107/03/08,15.64,50.69,59.87,,,六層/七層,住家用,土2 建1車1,3房1廳2衛,130,有,,歷次 明細 加入比較 同社區案例,Line 建坪單價計算,此交易日期為預售屋之簽約日期 建物第一次登記後移轉,23.93,3.22,3.45坪；5.08坪,坡道平面,"1,300,000元",10.72坪,
台南市,南區,世界好美麗,南區水交社路４０號六樓,世界好美麗,750,107/03/07,15.74,49.49,60.52,,,六層/七層,住家用,土2 建1車1,3房1廳2衛,140,有,,歷次 明細 加入比較 同社區案例,Line 建坪單價計算,此交易日期為預售屋之簽約日期 建物第一次登記後移轉,23.46,2.53,3.30坪；4.86坪,坡道平面,"1,400,000元",10.72坪,
台南市,南區,世界好美麗,南區水交社路２０巷１９號四樓,世界好美麗,530,107/03/06,13.87,39.94,60.76,,,四層/七層,住家用,土2 建1車1,2房1廳1衛,130,有,,歷次 明細 加入比較 同社區案例,Line 建坪單價計算,此交易日期為預售屋之簽約日期 建物第一次登記後移轉,17.52,2.44,2.59坪；3.81坪,坡道平面,"1,300,000元",11.10坪,
台南市,南區,世界好美麗,南區水交社路４６號五樓,世界好美麗,768,107/03/02,15.96,50.71,59.84,,,五層/七層,住家用,土2 建1車1,3房1廳2衛,130,有,,歷次 明細 加入比較 同社區案例,Line 建坪單價計算,此交易日期為預售屋之簽約日期 權利人2人 建物第一次登記後移轉,23.93,3.22,3.45坪；5.08坪,坡道平面,"1,300,000元",10.72坪,
台南市,南區,世界好美麗,南區水交社路２０巷３７號,世界好美麗,650,107/03/01,15.22,45.54,69.24,,,一層/七層,住家用,土2 建1車1,3房1廳2衛,120,有,,歷次 明細 加入比較 同社區案例,Line 建坪單價計算,此交易日期為預售屋之簽約日期 建物第一次登記後移轉,24.11,,3.16坪；4.65坪,坡道平面,"1,200,000元",10.72坪,
台南市,南區,世界好美麗,南區水交社路３２號六樓,世界好美麗,688,107/02/27,14.7,49.37,59.84,,,六層/七層,住家用,土2 建1車1,3房1廳2衛,115,有,,歷次 明細 加入比較 同社區案例,Line 建坪單價計算,此交易日期為預售屋之簽約日期 建物第一次登記後移轉,23.33,2.65,3.30坪；4.86坪,坡道平面,"1,150,000元",10.38坪,
台南市,南區,世界好美麗,南區水交社路２０巷４７號四樓,世界好美麗,900,107/02/27,15.26,60.52,60.62,,,四層/七層,住家用,土2 建1車1,4房1廳2衛,140,有,,歷次 明細 加入比較 同社區案例,Line 建坪單價計算,此交易日期為預售屋之簽約日期 建物第一次登記後移轉,30.19,3.65,4.31坪；6.34坪,坡道平面,"1,400,000元",10.72坪,
台南市,南區,世界好美麗,南區水交社路２０巷１號五樓,世界好美麗,723,107/02/26,15.19,50.81,59.79,,,五層/七層,住家用,土2 建1車1,3房1廳2衛,120,有,,歷次 明細 加入比較 同社區案例,Line 建坪單價計算,此交易日期為預售屋之簽約日期 權利人2人 建物第一次登記後移轉,23.74,2.67,3.38坪；4.97坪,坡道平面,"1,200,000元",11.10坪,
台南市,南區,世界好美麗,南區水交社路２０巷４１號四樓,世界好美麗,610,107/02/26,14.39,44.78,64.03,,,四層/七層,住家用,土2 建1車1,3房1廳2衛,120,有,,歷次 明細 加入比較 同社區案例,Line 建坪單價計算,此交易日期為預售屋之簽約日期 建物第一次登記後移轉,21.81,1.25,2.94坪；4.34坪,坡道平面,"1,200,000元",10.72坪,
台南市,南區,世界好美麗,南區水交社路２０巷３９號四樓,世界好美麗,515,107/02/23,13.83,39.28,61.02,,,四層/七層,住家用,土2 建1車1,2房1廳1衛,120,有,,歷次 明細 加入比較 同社區案例,Line 建坪單價計算,此交易日期為預售屋之簽約日期 建物第一次登記後移轉,17.43,2.35,2.59坪；3.81坪,坡道平面,"1,200,000元",10.72坪,
台南市,南區,世界好美麗,南區水交社路２０巷４５號六樓,世界好美麗,930,107/02/22,13.86,71.24,60.62,,,六層/七層,住家用,土2 建1車2,4房1廳2衛,240,有,,歷次 明細 加入比較 同社區案例,Line 建坪單價計算,此交易日期為預售屋之簽約日期 建物第一次登記後移轉,30.19,3.65,4.45坪；6.56坪,坡道平面；坡道平面,"1,200,000元；1,200,000元",10.72坪；10.72坪,
台南市,南區,世界好美麗,南區水交社路４８號四樓,世界好美麗,714,107/02/21,16.05,47.70,60.11,,,四層/七層,住家用,土2 建1車1,3房1廳2衛,115,有,,歷次 明細 加入比較 同社區案例,Line 建坪單價計算,此交易日期為預售屋之簽約日期 建物第一次登記後移轉,22.43,2.49,3.16坪；4.65坪,坡道平面,"1,150,000元",10.38坪,
台南市,南區,世界好美麗,南區水交社路４６號六樓,世界好美麗,760,107/02/13,16,50.71,59.83,,,六層/七層,住家用,土2 建1車1,3房1廳2衛,120,有,,歷次 明細 加入比較 同社區案例,Line 建坪單價計算,此交易日期為預售屋之簽約日期 建物第一次登記後移轉,23.93,3.22,3.45坪；5.08坪,坡道平面,"1,200,000元",10.72坪,
台南市,南區,世界好美麗,南區水交社路２０巷２１號七樓,世界好美麗,618,107/02/12,14.62,45.16,64.06,,,七層/七層,住家用,土2 建1車1,3房1廳2衛,120,有,,歷次 明細 加入比較 同社區案例,Line 建坪單價計算,此交易日期為預售屋之簽約日期 建物第一次登記後移轉,21.82,1.25,2.94坪；4.34坪,坡道平面,"1,200,000元",11.10坪,
台南市,南區,世界好美麗,南區水交社路２０巷２５號六樓,世界好美麗,758,107/02/12,14.34,52.85,46.53,,,六層/七層,住家用,土2 建1車1,3房1廳2衛,115,有,,歷次 明細 加入比較 同社區案例,Line 建坪單價計算,此交易日期為預售屋之簽約日期 建物第一次登記後移轉,24.59,3.16,3.52坪；5.18坪,坡道平面,"1,150,000元",,
台南市,南區,世界好美麗,南區水交社路２０巷４５號七樓,世界好美麗,880,107/02/06,14.86,60.90,60.62,,,七層/七層,住家用,土2 建1車1,4房1廳2衛,140,有,,歷次 明細 加入比較 同社區案例,Line 建坪單價計算,此交易日期為預售屋之簽約日期 權利人2人 建物第一次登記後移轉,30.19,3.65,4.31坪；6.34坪,坡道平面,"1,400,000元",11.10坪,
台南市,南區,世界好美麗,南區水交社路２０巷３７號六樓,世界好美麗,698,107/01/30,14.5,50.26,61.55,,,六層/七層,住家用,土2 建1車1,3房1廳2衛,130,有,,歷次 明細 加入比較 同社區案例,Line 建坪單價計算,此交易日期為預售屋之簽約日期 建物第一次登記後移轉,24.11,3.01,3.45坪；5.08坪,坡道平面,"1,300,000元",11.10坪,
台南市,南區,世界好美麗,南區水交社路２０巷２１號六樓,世界好美麗,628,107/01/30,14.92,45.15,64.05,,,六層/七層,住家用,土2 建1車1,3房1廳2衛,120,有,,歷次 明細 加入比較 同社區案例,Line 建坪單價計算,此交易日期為預售屋之簽約日期 建物第一次登記後移轉,21.81,1.25,2.94坪；4.34坪,坡道平面,"1,200,000元",11.10坪,
台南市,南區,世界好美麗,南區水交社路２０巷３３號五樓,世界好美麗,538,107/01/30,14.49,39.94,60.76,,,五層/七層,住家用,土2 建1車1,2房1廳1衛,120,有,,歷次 明細 加入比較 同社區案例,Line 建坪單價計算,此交易日期為預售屋之簽約日期 建物第一次登記後移轉,17.52,2.44,2.59坪；3.81坪,坡道平面,"1,200,000元",11.10坪,
台南市,南區,世界好美麗,南區水交社路４６號四樓,世界好美麗,828,107/01/29,14.2,61.43,59.84,,,四層/七層,住家用,土2 建1車2,3房1廳2衛,260,有,,歷次 明細 加入比較 同社區案例,Line 建坪單價計算,此交易日期為預售屋之簽約日期 建物第一次登記後移轉,23.93,3.22,3.59坪；5.29坪,坡道平面；坡道平面,"1,300,000元；1,300,000元",10.72坪；10.72坪,
台南市,南區,世界好美麗,南區水交社路４２號四樓,世界好美麗,800,107/01/29,13.92,60.23,60.49,,,四層/七層,住家用,土2 建1車1,3房1廳2衛,260,有,,歷次 明細 加入比較 同社區案例,Line 建坪單價計算,此交易日期為預售屋之簽約日期 建物第一次登記後移轉,23.46,2.53,3.45坪；5.08坪,坡道平面；坡道平面,"1,300,000元；1,300,000元",10.72坪；10.72坪,
台南市,南區,世界好美麗,南區水交社路２０巷１號七樓,世界好美麗,745,107/01/29,15.49,50.81,59.79,,,七層/七層,住家用,土2 建1車1,3房1廳2衛,130,有,,歷次 明細 加入比較 同社區案例,Line 建坪單價計算,此交易日期為預售屋之簽約日期 建物第一次登記後移轉,23.74,2.67,3.38坪；4.97坪,坡道平面,"1,300,000元",11.10坪,
台南市,南區,世界好美麗,南區水交社路２０巷３１號四樓,世界好美麗,605,107/01/26,13.95,45.15,64.05,,,四層/七層,住家用,土2 建1車1,3房1廳2衛,130,有,,歷次 明細 加入比較 同社區案例,Line 建坪單價計算,此交易日期為預售屋之簽約日期 權利人2人 建物第一次登記後移轉,21.81,1.25,2.94坪；4.34坪,坡道平面,"1,300,000元",11.10坪,
台南市,南區,世界好美麗,南區水交社路４８號,世界好美麗,830,107/01/25,19.73,46.20,67.92,,,一層/七層,商業用,土2 建1車1,1衛無隔間,130,有,,歷次 明細 加入比較 同社區案例,Line 建坪單價計算,此交易日期為預售屋之簽約日期 建物第一次登記後移轉,24.09,,3.16坪；4.65坪,坡道平面,"1,300,000元",10.72坪,
台南市,南區,世界好美麗,南區水交社路２０巷４５號四樓,世界好美麗,878,107/01/15,15.02,60.52,60.62,,,四層/七層,住家用,土2 建1車1,4房1廳2衛,130,有,,歷次 明細 加入比較 同社區案例,Line 建坪單價計算,此交易日期為預售屋之簽約日期 建物第一次登記後移轉,30.19,3.65,4.31坪；6.34坪,坡道平面,"1,300,000元",10.72坪,
台南市,南區,世界好美麗,南區水交社路２０巷４７號七樓,世界好美麗,925,107/01/12,13.45,70.91,60.62,,,七層/七層,住家用,土2 建1車2,4房1廳2衛,255,有,,歷次 明細 加入比較 同社區案例,Line 建坪單價計算,此交易日期為預售屋之簽約日期 建物第一次登記後移轉,30.19,3.65,4.45坪；6.56坪,坡道平面；坡道平面,"1,250,000元；1,300,000元",10.38坪；10.72坪,
台南市,南區,世界好美麗,南區水交社路２０巷１５號五樓,世界好美麗,685,107/01/11,14.43,49.89,61.55,,,五層/七層,住家用,土2 建1車1,3房1廳2衛,120,有,,歷次 明細 加入比較 同社區案例,Line 建坪單價計算,此交易日期為預售屋之簽約日期 建物第一次登記後移轉,24.11,3.01,3.45坪；5.08坪,坡道平面,"1,200,000元",10.72坪,
台南市,南區,世界好美麗,南區水交社路４６號三樓,世界好美麗,739,107/01/03,15.48,50.71,59.84,,,三層/七層,住家用,土2 建1車1,3房1廳2衛,120,有,,歷次 明細 加入比較 同社區案例,Line 建坪單價計算,此交易日期為預售屋之簽約日期 建物第一次登記後移轉,23.93,3.22,3.45坪；5.08坪,坡道平面,"1,200,000元",10.72坪,
